k,mean_score,std_score
1,0.6002766364784645,0.01916414607091533
2,0.6311904452803134,0.018424222833324684
3,0.6379894754905898,0.022354785846799688
4,0.6996575379419745,0.023989859082643786
5,0.6982159797709608,0.025958962113956055
6,0.753629032018355,0.03572915519781598
7,0.7810587007826684,0.030824706851414706
8,0.7777551990094909,0.033388921539247926
9,0.7994505337745341,0.04065456261252174
10,0.7990759299971986,0.036878148784152805
11,0.8027311577247909,0.028959429842445074
12,0.8123058110804436,0.03629533401039212
13,0.814391459726479,0.03270380909407012
14,0.8182527301828291,0.04144090803305311
15,0.8176690448491248,0.03949699958588689
16,0.8183225322037737,0.04137614283740378
17,0.8264893602704486,0.0303036802143421
18,0.8208840671477343,0.027618269866602846
19,0.8237998054105464,0.027530993624328492
20,0.8228762445624156,0.028840179656224662
21,0.8197096423826054,0.028842298992510305
22,0.8166674306251874,0.030542989742911825
23,0.8236413784908792,0.02940921512641259
24,0.8233445670280233,0.028255916555302123
25,0.8320773974501121,0.03405310592664015
26,0.8335319570191076,0.030508439687072533
27,0.8216564765120659,0.027533399107658747
28,0.8241129366357882,0.02421753975050621
29,0.8251282142825096,0.024402149339187554
30,0.823625616126537,0.02378070627019799
31,0.8207930913702937,0.028335995818300843
32,0.8243807789441352,0.025297794023090906
33,0.8324448501718656,0.023666556822952437
34,0.8281786390926653,0.022281166199079702
35,0.8315473932706006,0.026571992419625053
36,0.8372229815255168,0.02646781569504882
37,0.8329853020998591,0.020606387120542403
38,0.8287056941521908,0.025683316410719376
39,0.8306809055527751,0.026587939339389643
40,0.8319602269425213,0.024680382889184144
41,0.8300433632491953,0.019777929558142723
42,0.8342265243846241,0.023572553968825773
43,0.8303364618672389,0.022168038407374965
44,0.8274539353599877,0.024692027043126077
45,0.8280078788493777,0.025695193761274666
46,0.8302643602975625,0.01804176522048919
47,0.8318517804559586,0.018265169195447354
48,0.834366753245219,0.022920485266382632
49,0.8304040620573815,0.026981820892271965
50,0.833406774429435,0.024120104309585968
51,0.8340483282121796,0.025146757556638397
52,0.8303561159062136,0.0262180125167423
53,0.8292962468413283,0.03087482209180356
54,0.8246042205827049,0.030428610828452697
55,0.8290565137524976,0.02961780279483029
56,0.8300696351014534,0.03452309409441824
57,0.828678722892556,0.032220872955994066
58,0.8295305150895709,0.033531935536552
59,0.8300512117418067,0.03259651330436512
60,0.8324111918304775,0.03212523165842108
61,0.830238947593738,0.027422947680267245
62,0.8315012196477516,0.032689284262551736
63,0.8273731881685438,0.032317805114843286
64,0.8328114612615355,0.029185467889410052
65,0.8302471783389496,0.03279673673980237
66,0.8260269807276884,0.03369067461856876
67,0.8291794127963976,0.027730885775585447
68,0.8253789157459203,0.02917350678465839
69,0.8361631937609191,0.028703463699940816
70,0.826396378034665,0.028481720064911554
71,0.8301360120094315,0.0231555167351107
72,0.8326621991446528,0.03172529336542051
73,0.8295469411055307,0.027519717963178262
74,0.8257429887779297,0.032404914497570554
75,0.8273131933145288,0.028478426356614465
76,0.8317860995124524,0.029690711142303188
77,0.8288323123457143,0.02778883643599676
78,0.8285681501154262,0.02866505580329051
79,0.8283392738563645,0.030400621546636624
80,0.8277589736167428,0.03003851722507559
81,0.829788518869351,0.0323708801608303
82,0.8262173727944735,0.02717396596386162
83,0.8352420646635057,0.025105167729453332
84,0.8276978009187606,0.02946578896419544
85,0.8317175489592643,0.03210008970108854
86,0.8319786322364365,0.027860023430953618
87,0.8315851772250891,0.028170559446159395
88,0.8358880529281969,0.025219522948724454
89,0.8296177111216044,0.03243057326393389
90,0.8351948640218056,0.036479386837534475
91,0.8340768231520717,0.030681234894898497
92,0.8326400573496804,0.027889100211575188
93,0.8363986055664576,0.033110734761036
94,0.8294046683381955,0.032875978629872994
95,0.833640164691366,0.035046330182174686
96,0.8300905126241555,0.023676144535595873
97,0.8281773173175158,0.03269147498554275
98,0.8290652165652388,0.03075295962820546
99,0.8295806583477212,0.02597294885570918
100,0.8303045638536155,0.032276127135682064
101,0.8274328061645772,0.028776693029815514
102,0.8278327222147883,0.02191628848764367
103,0.824028135493841,0.030067215205176984
104,0.8227273569420246,0.03573270023439936
105,0.8248809345242363,0.03051820133261046
106,0.8271210021560623,0.0278011469740812
107,0.8300332539091688,0.029501382517904455
108,0.828399921190304,0.02806775371372772
109,0.8281099299418907,0.030111705308173645
110,0.8226920502376547,0.023949854723091323
111,0.8262583099835634,0.02446303550581889
112,0.8287982171515884,0.029608288090083913
113,0.8264812108651153,0.025969277366490406
114,0.8245024925825675,0.028733268254337495
115,0.8240890298230982,0.03381237145644511
116,0.8233505968361037,0.03001129376795659
117,0.8331596302603769,0.027649563243451906
118,0.8265853947802647,0.02573352651565046
119,0.8266981712361542,0.029042174203705116
120,0.8234890711825196,0.030831815807359886
121,0.8206420316784818,0.029968388457614088
122,0.8212641390146436,0.02123101052013341
123,0.8305610929679009,0.028357047606687828
124,0.8219033519524352,0.0244603065264203
125,0.822705362733865,0.02915492875316802
126,0.8229820153108811,0.025857206331463278
127,0.8208244399387695,0.030112359639536436
128,0.8276608614478487,0.035963857259322385
129,0.8219493936879912,0.035917393963746574
130,0.8268326494044956,0.023344540302597045
131,0.8174790939186364,0.02470338201460657
132,0.8236546870316653,0.028929364371123284
133,0.8258272752064133,0.025175632869123374
134,0.8255448088523287,0.02700521469166034
135,0.8221888312457244,0.030727059070511733
136,0.8207360447643353,0.028339534707632393
137,0.822245898261721,0.025528679499080338
138,0.8214360333049259,0.028026715284335736
139,0.8222304388801673,0.024769863035177298
140,0.8189082479680996,0.02878097200129326
141,0.8188126503831311,0.03300201012311232
142,0.821143228082736,0.031750975652321003
143,0.830342740918191,0.03125193521698155
144,0.8227175678178671,0.02513038829633235
145,0.8185265251456018,0.02721826259309613
146,0.8218969444593863,0.02708984360583656
147,0.8241196142559067,0.0316186110562937
148,0.8180143714315662,0.031254706322140974
149,0.8182524544277865,0.030713616553534096
150,0.8269869108476812,0.03326711708976506
151,0.8185871405741537,0.029518401299188972
152,0.8204172723908213,0.03150978444126743
153,0.8161166107875134,0.031459969466779286
154,0.815362889660979,0.030454697700986372
155,0.8208125808099999,0.0266441714697467
156,0.8238396046667333,0.02740048411800849
157,0.8223594353240408,0.02534914098499332
158,0.8153529511704244,0.028988004842521602
159,0.8179628486369873,0.030480872084862057
160,0.8193700304535169,0.028765917305959114
161,0.8241719863229072,0.027756487947630946
162,0.817208465663049,0.030343029891098973
163,0.8215389486565371,0.022580488188439125
164,0.8199062718420519,0.026499546449567177
165,0.8161451608751475,0.027624222214759582
166,0.81698779590768,0.028799414168721723
167,0.8210905646415487,0.02861976060613695
168,0.8215829091732019,0.028606450957509882
169,0.8192041038113377,0.023566892043982796
170,0.8242016011158089,0.02379388230577756
171,0.8237210752032225,0.022766986159462023
172,0.8218607285171592,0.02911643441531258
173,0.8171640973252359,0.02325072032599085
174,0.822326760130849,0.029112374934016617
175,0.8213126389088705,0.019741266726997955
176,0.8228342004157948,0.021438103039881685
177,0.8197507360098898,0.022919364576029853
178,0.8193957416790261,0.01834653286292472
179,0.8207098498290983,0.02216059066164635
180,0.8154590025055851,0.025465890852729337
181,0.8148718671367506,0.03125085976777817
182,0.8145005261970562,0.02567176016725518
183,0.8178850125649056,0.022058035836597677
184,0.8228727368961734,0.02076381595912739
185,0.8179460512102384,0.020276973783865653
186,0.8166294282739848,0.027223080801720152
187,0.8206994263408133,0.028493060450094615
188,0.8180518252149724,0.02106400224397624
189,0.8267647619017238,0.027951324547728168
190,0.8227732002042263,0.027210538984196005
191,0.8196258306559668,0.02908316441194953
192,0.8221768357731427,0.027721844328368054
193,0.8170994413448847,0.027800353529892654
194,0.8119101302365989,0.02444862296907447
195,0.8145429688206125,0.025046332602577923
196,0.8080514481451383,0.028680558808207527
197,0.8072924653053748,0.022317937531962727
198,0.8106341800432444,0.022875792922955798
199,0.8143092370064599,0.02450292507419043
200,0.8122488327985147,0.024203999514952723
201,0.8132136161678905,0.02775344703059145
202,0.8188520242263964,0.025539742790944193
203,0.817535524749674,0.02509376424619219
204,0.8123525916010674,0.024384824124227693
205,0.8188200267179921,0.024281399283646785
206,0.8182593025240392,0.02384824189446959
207,0.8130749714295697,0.023790488008970746
208,0.8136581439003576,0.024466265579186977
209,0.8087178229313103,0.023435488585280786
210,0.8135180104494388,0.030332644607721088
211,0.8161952853098777,0.022892691932330664
212,0.8167182595356713,0.01761935692085975
213,0.8152945516016639,0.020968533182963357
214,0.8205977663471092,0.02407825504429639
215,0.81389492428418,0.03010550450513747
216,0.8224480889546687,0.021268523005139397
217,0.8209120601807554,0.026662592431092952
218,0.8169255052322566,0.02154959159980785
219,0.8187725749625854,0.02154113215888635
220,0.8222347130027543,0.028354817488867392
221,0.8169062630125584,0.022783824242486775
222,0.8168093999230501,0.020736484786763886
223,0.8188631341199141,0.020108323379589656
224,0.8216214083577201,0.020451264567005613
225,0.8181392457043783,0.017061111237481545
226,0.821177636554328,0.025530448830808523
227,0.8164579262276549,0.015711322828807047
228,0.815800914020793,0.019991767608238314
229,0.8198185343234432,0.022559489565506092
230,0.8156429675183393,0.03080625129850402
231,0.823620916650254,0.020931773759433243
232,0.8138001582833025,0.025998809245297076
233,0.8166879762633588,0.025359552458318096
234,0.8158194794358302,0.021879858516121037
235,0.8169581866681537,0.01899873350523588
236,0.8204418054383419,0.026187035092660488
237,0.8233443782744825,0.027135840913945695
238,0.8181460028059261,0.0292969671647759
239,0.8195672814764083,0.026851420046220285
240,0.8203637805691187,0.025490340354787075
241,0.8233690671038248,0.021639706262385414
242,0.8175505041843584,0.02483434025090335
243,0.817688380491689,0.02329634575596727
244,0.8217491473944631,0.026833804064474286
245,0.8187517345437982,0.027431534025168663
246,0.8137844807498874,0.02355436022391463
247,0.8179072830122088,0.02741603904341214
248,0.819634137022802,0.021040675402380058
249,0.8167494938548321,0.02536858016666658
250,0.8185726367677123,0.02704551934865794
251,0.8198624255138872,0.02704133952075405
252,0.8197588956332155,0.02005112881623831
253,0.8169055400926528,0.02563544879296163
254,0.8175008176547482,0.028575086800623956
255,0.8177921257510181,0.02340338688323307
256,0.8220234584301069,0.033309818863471355
257,0.8212205838669743,0.027313890480108374
258,0.8158049989244492,0.033068739551520156
259,0.813458735681634,0.03102706898474292
260,0.8172216770577936,0.024716858654887954
261,0.8170232734736474,0.021021008436929136
262,0.8166857398193994,0.026269862113231363
263,0.8202417355935865,0.030347645967469226
264,0.8133831981127987,0.0299618557304277
265,0.8132686226529213,0.029454494300188493
266,0.8091024102436482,0.028457707308272757
267,0.8142161872663467,0.025503258770892188
268,0.8095195846230687,0.03021614256608288
269,0.8103382363736186,0.025944008128912687
270,0.8214430381299653,0.026315131739493607
271,0.8174491422353162,0.02467406215169837
272,0.820670280117765,0.03181520422928495
273,0.8191356225964148,0.029302899974483453
274,0.8145976437841405,0.02494211048242638
275,0.8135175180528276,0.020717605796842002
276,0.8147141075524971,0.02622252268731329
277,0.8178606000839844,0.03376409841657242
278,0.8179552576962552,0.03356981188287901
279,0.8084480335913797,0.03271790223552096
280,0.8143123031437742,0.02851404580889774
281,0.8155922781505337,0.02273322070294777
282,0.8148501250589819,0.033350531812907314
283,0.8168114187348923,0.030385656059990922
284,0.815899547723973,0.03132793590298142
285,0.816168260140463,0.034107472322167084
286,0.8176027389502482,0.031993069711959414
287,0.8146244821951084,0.031253233778686294
288,0.8183788849180521,0.0322361140986978
289,0.8187481270659578,0.03222295690270134
290,0.8206068096624861,0.03132432048628847
291,0.809322928455542,0.03373796488492939
292,0.8136938928681662,0.028301336930707525
293,0.8111286568367417,0.029761784936694652
294,0.8185130990813718,0.026994713495377184
295,0.8214894016633025,0.024500524014713202
296,0.8184607053895473,0.024910901326595385
297,0.8197945795306602,0.032124972682273684
298,0.8168170480777375,0.028936696210198936
299,0.8203098751084592,0.029143493598206494
300,0.8200798124902076,0.025962751620189833
301,0.8206907679739432,0.029163106448865564
302,0.8195826277481558,0.02877780869503788
303,0.8145058286190215,0.03532256556789088
304,0.8251684696054731,0.0320229082154437
305,0.82351245428148,0.03229219433078883
306,0.82351245428148,0.03229219433078883
307,0.8241241752426562,0.03088473464024534
308,0.8251154045928313,0.030082766468509662
309,0.8251154045928313,0.030082766468509662
310,0.8251154045928313,0.030082766468509662
311,0.8226680036721528,0.032477573237871656
312,0.8226680036721528,0.032477573237871656
313,0.8226680036721528,0.032477573237871656
314,0.8226680036721528,0.032477573237871656
315,0.8226680036721528,0.032477573237871656
316,0.8172256670973133,0.030323049397756804
317,0.8205323638418445,0.028585536767857765
318,0.8205323638418445,0.028585536767857765
319,0.8205323638418445,0.028585536767857765
320,0.8205323638418445,0.028585536767857765
321,0.8205323638418445,0.028585536767857765
322,0.8219671472060238,0.02772579961779398
323,0.8219671472060238,0.02772579961779398
324,0.8219671472060238,0.02772579961779398
325,0.8202547873990967,0.026405538934576624
326,0.8202679185839026,0.0297949675466194
