feature,rfe_rank,elimination_step
value__autocorrelation__lag_3,1,326
value__friedrich_coefficients__coeff_2__m_3__r_30,2,325
value__sum_of_reoccurring_values,3,324
value__autocorrelation__lag_6,4,323
value__sum_of_reoccurring_data_points,5,322
"value__agg_autocorrelation__f_agg_""mean""__maxlag_40",6,321
"value__augmented_dickey_fuller__attr_""teststat""__autolag_""AIC""",7,320
"value__fft_aggregated__aggtype_""centroid""",8,319
value__spkt_welch_density__coeff_8,9,318
value__autocorrelation__lag_4,10,317
value__autocorrelation__lag_7,11,316
value__spkt_welch_density__coeff_5,12,315
"value__fft_aggregated__aggtype_""skew""",13,314
value__autocorrelation__lag_9,14,313
value__autocorrelation__lag_1,15,312
value__autocorrelation__lag_2,16,311
value__partial_autocorrelation__lag_4,17,310
value__permutation_entropy__dimension_3__tau_1,18,309
value__permutation_entropy__dimension_5__tau_1,19,308
value__fourier_entropy__bins_100,20,307
value__cid_ce__normalize_True,21,306
value__count_below__t_0,22,305
value__partial_autocorrelation__lag_3,23,304
"value__change_quantiles__f_agg_""var""__isabs_False__qh_1.0__ql_0.2",24,303
value__longest_strike_below_mean,25,302
value__permutation_entropy__dimension_6__tau_1,26,301
value__ar_coefficient__coeff_1__k_10,27,300
value__autocorrelation__lag_5,28,299
value__autocorrelation__lag_8,29,298
"value__agg_autocorrelation__f_agg_""median""__maxlag_40",30,297
value__number_peaks__n_1,31,296
value__range_count__max_1000000000000.0__min_0,32,295
value__fourier_entropy__bins_10,33,294
value__lempel_ziv_complexity__bins_3,34,293
value__quantile__q_0.1,35,292
value__partial_autocorrelation__lag_2,36,291
value__fourier_entropy__bins_5,37,290
"value__change_quantiles__f_agg_""var""__isabs_False__qh_0.4__ql_0.2",38,289
value__ar_coefficient__coeff_2__k_10,39,288
"value__fft_coefficient__attr_""abs""__coeff_94",40,287
value__ar_coefficient__coeff_6__k_10,41,286
"value__fft_coefficient__attr_""abs""__coeff_81",42,285
"value__fft_coefficient__attr_""abs""__coeff_19",43,284
value__fourier_entropy__bins_3,44,283
value__spkt_welch_density__coeff_2,45,282
value__ar_coefficient__coeff_3__k_10,46,281
"value__fft_coefficient__attr_""abs""__coeff_1",47,280
"value__fft_coefficient__attr_""abs""__coeff_97",48,279
value__ar_coefficient__coeff_0__k_10,49,278
"value__fft_coefficient__attr_""abs""__coeff_2",50,277
value__permutation_entropy__dimension_4__tau_1,51,276
value__index_mass_quantile__q_0.8,52,275
"value__agg_linear_trend__attr_""intercept""__chunk_len_5__f_agg_""var""",53,274
value__number_cwt_peaks__n_1,54,273
value__quantile__q_0.9,55,272
"value__agg_linear_trend__attr_""stderr""__chunk_len_10__f_agg_""var""",56,271
"value__agg_linear_trend__attr_""stderr""__chunk_len_50__f_agg_""min""",57,270
"value__fft_coefficient__attr_""angle""__coeff_1",58,269
"value__fft_coefficient__attr_""abs""__coeff_83",59,268
"value__fft_coefficient__attr_""abs""__coeff_69",60,267
"value__fft_aggregated__aggtype_""kurtosis""",61,266
"value__agg_linear_trend__attr_""intercept""__chunk_len_10__f_agg_""var""",62,265
value__partial_autocorrelation__lag_5,63,264
"value__fft_coefficient__attr_""abs""__coeff_84",64,263
value__energy_ratio_by_chunks__num_segments_10__segment_focus_7,65,262
"value__fft_coefficient__attr_""imag""__coeff_23",66,261
value__ratio_beyond_r_sigma__r_5,67,260
"value__fft_coefficient__attr_""abs""__coeff_87",68,259
"value__fft_coefficient__attr_""abs""__coeff_45",69,258
"value__fft_coefficient__attr_""abs""__coeff_78",70,257
"value__fft_coefficient__attr_""real""__coeff_15",71,256
value__time_reversal_asymmetry_statistic__lag_3,72,255
value__lempel_ziv_complexity__bins_5,73,254
"value__change_quantiles__f_agg_""var""__isabs_True__qh_1.0__ql_0.0",74,253
value__ratio_beyond_r_sigma__r_0.5,75,252
value__number_crossing_m__m_0,76,251
value__c3__lag_3,77,250
"value__fft_coefficient__attr_""abs""__coeff_73",78,249
"value__fft_coefficient__attr_""abs""__coeff_88",79,248
"value__fft_coefficient__attr_""abs""__coeff_30",80,247
"value__fft_coefficient__attr_""abs""__coeff_54",81,246
"value__fft_coefficient__attr_""real""__coeff_1",82,245
"value__agg_linear_trend__attr_""rvalue""__chunk_len_50__f_agg_""min""",83,244
"value__agg_linear_trend__attr_""rvalue""__chunk_len_10__f_agg_""mean""",84,243
"value__fft_coefficient__attr_""real""__coeff_2",85,242
value__sum_values,86,241
value__partial_autocorrelation__lag_6,87,240
value__ratio_beyond_r_sigma__r_10,88,239
value__ratio_beyond_r_sigma__r_6,89,238
value__fourier_entropy__bins_2,90,237
value__kurtosis,91,236
"value__fft_coefficient__attr_""abs""__coeff_96",92,235
"value__augmented_dickey_fuller__attr_""pvalue""__autolag_""AIC""",93,234
"value__fft_coefficient__attr_""abs""__coeff_60",94,233
value__skewness,95,232
value__lempel_ziv_complexity__bins_2,96,231
value__number_peaks__n_10,97,230
"value__fft_coefficient__attr_""abs""__coeff_82",98,229
value__ar_coefficient__coeff_10__k_10,99,228
"value__fft_coefficient__attr_""abs""__coeff_64",100,227
"value__fft_coefficient__attr_""abs""__coeff_36",101,226
"value__fft_coefficient__attr_""abs""__coeff_29",102,225
value__time_reversal_asymmetry_statistic__lag_1,103,224
value__number_peaks__n_3,104,223
"value__fft_coefficient__attr_""abs""__coeff_14",105,222
"value__agg_autocorrelation__f_agg_""var""__maxlag_40",106,221
"value__fft_coefficient__attr_""abs""__coeff_65",107,220
"value__fft_coefficient__attr_""abs""__coeff_99",108,219
value__max_langevin_fixed_point__m_3__r_30,109,218
"value__fft_coefficient__attr_""abs""__coeff_43",110,217
"value__agg_linear_trend__attr_""stderr""__chunk_len_10__f_agg_""mean""",111,216
value__maximum,112,215
value__cid_ce__normalize_False,113,214
value__ratio_beyond_r_sigma__r_2.5,114,213
"value__fft_coefficient__attr_""abs""__coeff_74",115,212
"value__fft_coefficient__attr_""abs""__coeff_46",116,211
"value__fft_coefficient__attr_""abs""__coeff_4",117,210
value__energy_ratio_by_chunks__num_segments_10__segment_focus_2,118,209
value__energy_ratio_by_chunks__num_segments_10__segment_focus_4,119,208
value__ar_coefficient__coeff_9__k_10,120,207
value__c3__lag_2,121,206
"value__fft_coefficient__attr_""abs""__coeff_91",122,205
"value__change_quantiles__f_agg_""mean""__isabs_True__qh_0.4__ql_0.0",123,204
"value__fft_coefficient__attr_""abs""__coeff_79",124,203
"value__fft_coefficient__attr_""imag""__coeff_1",125,202
value__percentage_of_reoccurring_values_to_all_values,126,201
"value__fft_coefficient__attr_""abs""__coeff_7",127,200
value__benford_correlation,128,199
"value__fft_coefficient__attr_""abs""__coeff_12",129,198
"value__fft_coefficient__attr_""abs""__coeff_5",130,197
"value__fft_aggregated__aggtype_""variance""",131,196
"value__fft_coefficient__attr_""abs""__coeff_93",132,195
"value__fft_coefficient__attr_""abs""__coeff_76",133,194
"value__fft_coefficient__attr_""abs""__coeff_31",134,193
"value__linear_trend__attr_""slope""",135,192
"value__fft_coefficient__attr_""abs""__coeff_58",136,191
value__index_mass_quantile__q_0.9,137,190
"value__fft_coefficient__attr_""imag""__coeff_3",138,189
"value__fft_coefficient__attr_""abs""__coeff_66",139,188
"value__fft_coefficient__attr_""abs""__coeff_8",140,187
"value__fft_coefficient__attr_""abs""__coeff_98",141,186
"value__change_quantiles__f_agg_""mean""__isabs_True__qh_0.4__ql_0.2",142,185
"value__fft_coefficient__attr_""abs""__coeff_77",143,184
"value__agg_linear_trend__attr_""stderr""__chunk_len_10__f_agg_""max""",144,183
"value__agg_linear_trend__attr_""intercept""__chunk_len_5__f_agg_""mean""",145,182
value__variation_coefficient,146,181
"value__fft_coefficient__attr_""abs""__coeff_44",147,180
"value__fft_coefficient__attr_""abs""__coeff_23",148,179
value__longest_strike_above_mean,149,178
"value__fft_coefficient__attr_""abs""__coeff_33",150,177
value__partial_autocorrelation__lag_9,151,176
"value__agg_linear_trend__attr_""rvalue""__chunk_len_50__f_agg_""var""",152,175
"value__fft_coefficient__attr_""abs""__coeff_10",153,174
"value__fft_coefficient__attr_""abs""__coeff_15",154,173
"value__change_quantiles__f_agg_""var""__isabs_True__qh_1.0__ql_0.2",155,172
"value__fft_coefficient__attr_""abs""__coeff_90",156,171
"value__change_quantiles__f_agg_""var""__isabs_True__qh_0.8__ql_0.2",157,170
value__ar_coefficient__coeff_4__k_10,158,169
"value__fft_coefficient__attr_""abs""__coeff_3",159,168
"value__fft_coefficient__attr_""abs""__coeff_75",160,167
value__permutation_entropy__dimension_7__tau_1,161,166
"value__agg_linear_trend__attr_""stderr""__chunk_len_10__f_agg_""min""",162,165
value__energy_ratio_by_chunks__num_segments_10__segment_focus_6,163,164
"value__fft_coefficient__attr_""abs""__coeff_41",164,163
value__c3__lag_1,165,162
"value__fft_coefficient__attr_""angle""__coeff_76",166,161
"value__fft_coefficient__attr_""abs""__coeff_95",167,160
"value__fft_coefficient__attr_""abs""__coeff_57",168,159
"value__fft_coefficient__attr_""abs""__coeff_51",169,158
"value__fft_coefficient__attr_""imag""__coeff_2",170,157
"value__linear_trend__attr_""intercept""",171,156
"value__fft_coefficient__attr_""abs""__coeff_26",172,155
"value__change_quantiles__f_agg_""var""__isabs_True__qh_0.6__ql_0.2",173,154
"value__agg_linear_trend__attr_""stderr""__chunk_len_5__f_agg_""var""",174,153
value__time_reversal_asymmetry_statistic__lag_2,175,152
"value__fft_coefficient__attr_""abs""__coeff_72",176,151
"value__fft_coefficient__attr_""abs""__coeff_68",177,150
value__ratio_beyond_r_sigma__r_1.5,178,149
"value__fft_coefficient__attr_""abs""__coeff_59",179,148
"value__fft_coefficient__attr_""abs""__coeff_53",180,147
"value__fft_coefficient__attr_""abs""__coeff_52",181,146
"value__fft_coefficient__attr_""abs""__coeff_25",182,145
"value__fft_coefficient__attr_""abs""__coeff_63",183,144
"value__fft_coefficient__attr_""abs""__coeff_24",184,143
value__count_below_mean,185,142
"value__fft_coefficient__attr_""abs""__coeff_13",186,141
"value__fft_coefficient__attr_""abs""__coeff_80",187,140
"value__fft_coefficient__attr_""abs""__coeff_50",188,139
"value__fft_coefficient__attr_""abs""__coeff_17",189,138
value__number_peaks__n_5,190,137
"value__change_quantiles__f_agg_""var""__isabs_True__qh_1.0__ql_0.4",191,136
"value__change_quantiles__f_agg_""mean""__isabs_True__qh_0.6__ql_0.2",192,135
"value__fft_coefficient__attr_""abs""__coeff_18",193,134
"value__agg_linear_trend__attr_""rvalue""__chunk_len_50__f_agg_""mean""",194,133
value__lempel_ziv_complexity__bins_10,195,132
"value__agg_linear_trend__attr_""stderr""__chunk_len_50__f_agg_""var""",196,131
"value__fft_coefficient__attr_""abs""__coeff_40",197,130
value__number_cwt_peaks__n_5,198,129
"value__agg_linear_trend__attr_""rvalue""__chunk_len_10__f_agg_""var""",199,128
"value__change_quantiles__f_agg_""var""__isabs_False__qh_0.6__ql_0.2",200,127
"value__agg_linear_trend__attr_""rvalue""__chunk_len_10__f_agg_""min""",201,126
"value__change_quantiles__f_agg_""mean""__isabs_True__qh_0.8__ql_0.6",202,125
"value__fft_coefficient__attr_""abs""__coeff_28",203,124
"value__fft_coefficient__attr_""abs""__coeff_9",204,123
"value__agg_linear_trend__attr_""stderr""__chunk_len_5__f_agg_""mean""",205,122
"value__change_quantiles__f_agg_""mean""__isabs_True__qh_0.8__ql_0.2",206,121
"value__fft_coefficient__attr_""abs""__coeff_71",207,120
value__ratio_beyond_r_sigma__r_2,208,119
"value__fft_coefficient__attr_""abs""__coeff_6",209,118
value__ratio_beyond_r_sigma__r_1,210,117
"value__agg_linear_trend__attr_""rvalue""__chunk_len_50__f_agg_""max""",211,116
value__mean_n_absolute_max__number_of_maxima_7,212,115
"value__change_quantiles__f_agg_""var""__isabs_False__qh_1.0__ql_0.4",213,114
"value__fft_coefficient__attr_""angle""__coeff_2",214,113
value__binned_entropy__max_bins_10,215,112
value__ratio_beyond_r_sigma__r_3,216,111
"value__agg_linear_trend__attr_""intercept""__chunk_len_5__f_agg_""max""",217,110
"value__fft_coefficient__attr_""abs""__coeff_20",218,109
"value__fft_coefficient__attr_""abs""__coeff_0",219,108
"value__fft_coefficient__attr_""imag""__coeff_86",220,107
"value__agg_linear_trend__attr_""rvalue""__chunk_len_5__f_agg_""mean""",221,106
"value__fft_coefficient__attr_""abs""__coeff_85",222,105
"value__fft_coefficient__attr_""abs""__coeff_38",223,104
value__quantile__q_0.2,224,103
"value__change_quantiles__f_agg_""var""__isabs_True__qh_0.2__ql_0.0",225,102
"value__agg_linear_trend__attr_""stderr""__chunk_len_5__f_agg_""min""",226,101
"value__fft_coefficient__attr_""abs""__coeff_48",227,100
"value__fft_coefficient__attr_""angle""__coeff_3",228,99
"value__fft_coefficient__attr_""abs""__coeff_37",229,98
value__ar_coefficient__coeff_5__k_10,230,97
"value__fft_coefficient__attr_""abs""__coeff_67",231,96
"value__change_quantiles__f_agg_""var""__isabs_True__qh_0.8__ql_0.6",232,95
"value__linear_trend__attr_""rvalue""",233,94
"value__fft_coefficient__attr_""abs""__coeff_92",234,93
"value__change_quantiles__f_agg_""var""__isabs_True__qh_0.4__ql_0.2",235,92
"value__fft_coefficient__attr_""abs""__coeff_86",236,91
"value__agg_linear_trend__attr_""rvalue""__chunk_len_5__f_agg_""var""",237,90
"value__fft_coefficient__attr_""abs""__coeff_56",238,89
value__energy_ratio_by_chunks__num_segments_10__segment_focus_0,239,88
"value__fft_coefficient__attr_""abs""__coeff_55",240,87
"value__fft_coefficient__attr_""abs""__coeff_42",241,86
"value__fft_coefficient__attr_""abs""__coeff_70",242,85
value__first_location_of_maximum,243,84
"value__change_quantiles__f_agg_""var""__isabs_False__qh_0.8__ql_0.0",244,83
value__index_mass_quantile__q_0.7,245,82
"value__agg_linear_trend__attr_""slope""__chunk_len_5__f_agg_""var""",246,81
"value__agg_linear_trend__attr_""slope""__chunk_len_10__f_agg_""max""",247,80
"value__fft_coefficient__attr_""abs""__coeff_62",248,79
"value__fft_coefficient__attr_""abs""__coeff_11",249,78
"value__agg_linear_trend__attr_""stderr""__chunk_len_5__f_agg_""max""",250,77
"value__fft_coefficient__attr_""abs""__coeff_16",251,76
"value__fft_coefficient__attr_""abs""__coeff_39",252,75
"value__agg_linear_trend__attr_""slope""__chunk_len_5__f_agg_""min""",253,74
"value__fft_coefficient__attr_""abs""__coeff_34",254,73
"value__agg_linear_trend__attr_""rvalue""__chunk_len_5__f_agg_""max""",255,72
value__range_count__max_1__min_-1,256,71
value__count_above_mean,257,70
value__number_peaks__n_50,258,69
"value__change_quantiles__f_agg_""mean""__isabs_True__qh_0.8__ql_0.0",259,68
value__index_mass_quantile__q_0.6,260,67
"value__agg_linear_trend__attr_""stderr""__chunk_len_50__f_agg_""mean""",261,66
"value__fft_coefficient__attr_""abs""__coeff_47",262,65
"value__fft_coefficient__attr_""abs""__coeff_49",263,64
"value__fft_coefficient__attr_""abs""__coeff_61",264,63
"value__change_quantiles__f_agg_""var""__isabs_True__qh_0.6__ql_0.4",265,62
"value__fft_coefficient__attr_""abs""__coeff_32",266,61
value__standard_deviation,267,60
"value__agg_linear_trend__attr_""slope""__chunk_len_50__f_agg_""min""",268,59
"value__agg_linear_trend__attr_""slope""__chunk_len_10__f_agg_""mean""",269,58
value__quantile__q_0.8,270,57
"value__change_quantiles__f_agg_""mean""__isabs_True__qh_0.6__ql_0.0",271,56
"value__agg_linear_trend__attr_""intercept""__chunk_len_50__f_agg_""mean""",272,55
"value__agg_linear_trend__attr_""slope""__chunk_len_50__f_agg_""mean""",273,54
value__percentage_of_reoccurring_datapoints_to_all_datapoints,274,53
"value__agg_linear_trend__attr_""intercept""__chunk_len_10__f_agg_""mean""",275,52
"value__fft_coefficient__attr_""abs""__coeff_89",276,51
"value__agg_linear_trend__attr_""slope""__chunk_len_50__f_agg_""max""",277,50
"value__change_quantiles__f_agg_""var""__isabs_False__qh_0.8__ql_0.6",278,49
"value__fft_coefficient__attr_""abs""__coeff_22",279,48
"value__agg_linear_trend__attr_""intercept""__chunk_len_50__f_agg_""var""",280,47
value__quantile__q_0.3,281,46
value__root_mean_square,282,45
"value__agg_linear_trend__attr_""slope""__chunk_len_5__f_agg_""max""",283,44
"value__change_quantiles__f_agg_""var""__isabs_True__qh_0.8__ql_0.0",284,43
"value__change_quantiles__f_agg_""var""__isabs_False__qh_0.8__ql_0.2",285,42
"value__fft_coefficient__attr_""abs""__coeff_27",286,41
value__number_crossing_m__m_-1,287,40
"value__fft_coefficient__attr_""abs""__coeff_21",288,39
"value__agg_linear_trend__attr_""slope""__chunk_len_10__f_agg_""var""",289,38
value__range_count__max_0__min_-1000000000000.0,290,37
"value__fft_coefficient__attr_""abs""__coeff_35",291,36
value__quantile__q_0.7,292,35
"value__change_quantiles__f_agg_""mean""__isabs_True__qh_0.6__ql_0.4",293,34
value__lempel_ziv_complexity__bins_100,294,33
"value__agg_linear_trend__attr_""rvalue""__chunk_len_10__f_agg_""max""",295,32
"value__change_quantiles__f_agg_""mean""__isabs_True__qh_0.8__ql_0.4",296,31
value__last_location_of_minimum,297,30
"value__agg_linear_trend__attr_""rvalue""__chunk_len_5__f_agg_""min""",298,29
value__energy_ratio_by_chunks__num_segments_10__segment_focus_1,299,28
"value__change_quantiles__f_agg_""mean""__isabs_True__qh_1.0__ql_0.4",300,27
"value__change_quantiles__f_agg_""mean""__isabs_True__qh_1.0__ql_0.6",301,26
"value__linear_trend__attr_""stderr""",302,25
"value__agg_linear_trend__attr_""slope""__chunk_len_10__f_agg_""min""",303,24
value__value_count__value_0,304,23
"value__change_quantiles__f_agg_""var""__isabs_True__qh_0.8__ql_0.4",305,22
value__quantile__q_0.6,306,21
"value__change_quantiles__f_agg_""var""__isabs_False__qh_0.8__ql_0.4",307,20
"value__agg_linear_trend__attr_""slope""__chunk_len_5__f_agg_""mean""",308,19
value__first_location_of_minimum,309,18
value__last_location_of_maximum,310,17
value__median,311,16
"value__fft_coefficient__attr_""real""__coeff_0",312,15
value__mean,313,14
value__has_duplicate,314,13
value__variance,315,12
"value__change_quantiles__f_agg_""var""__isabs_False__qh_0.6__ql_0.4",316,11
value__quantile__q_0.4,317,10
value__abs_energy,318,9
value__partial_autocorrelation__lag_1,319,8
value__number_crossing_m__m_1,320,7
value__large_standard_deviation__r_0.05,321,6
value__energy_ratio_by_chunks__num_segments_10__segment_focus_9,322,5
"value__change_quantiles__f_agg_""var""__isabs_False__qh_1.0__ql_0.0",323,4
value__count_above__t_0,324,3
value__energy_ratio_by_chunks__num_segments_10__segment_focus_8,325,2
value__ratio_value_number_to_time_series_length,326,1
