k,fold,test_score
1,0,0.5981811383636133
1,1,0.6097402151011615
1,2,0.5715524901227285
1,3,0.5982662851928907
1,4,0.6236430536119288
2,0,0.6467438440758777
2,1,0.6241236650231818
2,2,0.6324515082233203
2,3,0.6488650127303456
2,4,0.6037681963488416
3,0,0.6371533670906087
3,1,0.6125323678780363
3,2,0.628249501645728
3,3,0.6734146878202086
3,4,0.6385974530183676
4,0,0.7060931907074255
4,1,0.7199971558441782
4,2,0.6651494467864437
4,3,0.6858289056492577
4,4,0.7212189907225672
5,0,0.6922623716648221
5,1,0.7192765390167414
5,2,0.6690151217701799
5,3,0.6801186591254937
5,4,0.7304072072775671
6,0,0.7587577373593906
6,1,0.7747505475446652
6,2,0.7200262806310309
6,3,0.7156058168578807
6,4,0.7990047776988076
7,0,0.7775557113916161
7,1,0.7748501569154274
7,2,0.7576848335586612
7,3,0.761158474915075
7,4,0.8340443271325624
8,0,0.7851544557699742
8,1,0.772505022647954
8,2,0.7418167249372254
8,3,0.7591919524996077
8,4,0.8301078391926929
9,0,0.819468313641246
9,1,0.7824689455484157
9,2,0.751177394034537
9,3,0.7862318676038105
9,4,0.8579061480446613
10,0,0.8001554630486175
10,1,0.7979366725136265
10,2,0.7593755612039068
10,3,0.7797706710554784
10,4,0.8581412821643636
11,0,0.8056547619047619
11,1,0.7952045557945697
11,2,0.7722327589901847
11,3,0.7907590616701657
11,4,0.8498046502642727
12,0,0.8154088855461853
12,1,0.8059819215188343
12,2,0.7695384776162297
12,3,0.8011437386388103
12,4,0.869456032082158
13,0,0.8200059208917377
13,1,0.80580997949419
13,2,0.7789327174217185
13,3,0.8006088818949064
13,4,0.866599798929842
14,0,0.8332020014096664
14,1,0.8166756129112431
14,2,0.7625167763577008
14,3,0.8031056808705787
14,4,0.8757635793649565
15,0,0.8364695589686375
15,1,0.8049508240297714
15,2,0.7656742761516846
15,3,0.8092612445206785
15,4,0.8719893205748521
16,0,0.8316441441441441
16,1,0.8078238590392857
16,2,0.7686369732898028
16,3,0.803065691930605
16,4,0.8804419926150309
17,0,0.8432369608741389
17,1,0.8281034431092865
17,2,0.7801050584277902
17,3,0.8199333687201653
17,4,0.8610679702208622
18,0,0.8272821527607979
18,1,0.8346210926117934
18,2,0.7793993755989461
18,3,0.8106716360804649
18,4,0.8524460786866697
19,0,0.8192181885973833
19,1,0.8346210926117934
19,2,0.7851371308881923
19,3,0.8191151000384138
19,4,0.860907514916949
20,0,0.8202068170987247
20,1,0.8304723707664885
20,2,0.7833869406092944
20,3,0.816646859090027
20,4,0.8636682352475433
21,0,0.8282811060017878
21,1,0.8247713030465675
21,2,0.7744848780770994
21,3,0.8170104998187822
21,4,0.8540004249687897
22,0,0.7996694098162818
22,1,0.8247455032529659
22,2,0.7795011691964977
22,3,0.8181002534530243
22,4,0.8613208174071676
23,0,0.814562512542645
23,1,0.8375955179199279
23,2,0.7817446562928047
23,3,0.8228928873957302
23,4,0.8614113183032879
24,0,0.820144832126399
24,1,0.8363571823822261
24,2,0.7818471156578574
24,3,0.8193119143436602
24,4,0.8590617906299733
25,0,0.8186650034091614
25,1,0.859083588539034
25,2,0.788066945289299
25,3,0.821500815966197
25,4,0.8730706340468689
26,0,0.8229340704340704
26,1,0.8517976692288619
26,2,0.7960198361390535
26,3,0.8217650813094899
26,4,0.8751431279840625
27,0,0.8310593897753298
27,1,0.8080856180856182
27,2,0.7879106187929718
27,3,0.8193735786165364
27,4,0.8618531772898732
28,0,0.830670086614884
28,1,0.8157975750686749
28,2,0.7946258896052827
28,3,0.8188047700120135
28,4,0.8606663618780854
29,0,0.8313761871728222
29,1,0.807962538224112
29,2,0.8011007435801366
29,3,0.821861225125922
29,4,0.8633403773095547
30,0,0.8211352966282544
30,1,0.8098584243771547
30,2,0.809813884903555
30,3,0.8119815275709545
30,4,0.8653389471527666
31,0,0.8203934789812413
31,1,0.8108823974842095
31,2,0.7904038272126072
31,3,0.8150507494221745
31,4,0.867235003751236
32,0,0.830304163389902
32,1,0.804568992068992
32,2,0.7995939073763207
32,3,0.8240964545759066
32,4,0.8633403773095547
33,0,0.8279408909876484
33,1,0.8248113141286559
33,2,0.8050173482685914
33,3,0.8345227622279275
33,4,0.8699319352465047
34,0,0.8342267483777938
34,1,0.8222713738672394
34,2,0.7960274927341724
34,3,0.8306136000886315
34,4,0.8577539803954898
35,0,0.8294132168996631
35,1,0.8379568639011332
35,2,0.7960274927341724
35,3,0.8244885251734566
35,4,0.8698508676445773
36,0,0.8466829464427958
36,1,0.8409719346675868
36,2,0.7965126058898462
36,3,0.8327647054539629
36,4,0.8691827151733917
37,0,0.8319001243930794
37,1,0.8320052056091747
37,2,0.8034026948903064
37,3,0.8361516420676579
37,4,0.8614668435390775
38,0,0.8391125843190429
38,1,0.8319446764131381
38,2,0.7926533175055758
38,3,0.8178983008728605
38,4,0.8619195916503368
39,0,0.8395405562836755
39,1,0.8168525747418458
39,2,0.7952025086989317
39,3,0.8353922186860575
39,4,0.8664166693533653
40,0,0.8362627016630688
40,1,0.8131225785212512
40,2,0.805127218205283
40,3,0.8370327312072594
40,4,0.8682559051157435
41,0,0.8410030506581752
41,1,0.8202654356641084
41,2,0.8032391589737702
41,3,0.8305618400982959
41,4,0.8551473308516261
42,0,0.8385785735524387
42,1,0.8277447923783026
42,2,0.8016863579902292
42,3,0.8357208939476524
42,4,0.8674020040544971
43,0,0.8333782685207791
43,1,0.8239558209274522
43,2,0.8095041478129713
43,3,0.8180333601212203
43,4,0.8668107119537709
44,0,0.8312852428582391
44,1,0.805025023790743
44,2,0.812002021043471
44,3,0.8209988808895432
44,4,0.8679585082179422
45,0,0.8286718084261305
45,1,0.8150612250362077
45,2,0.8012001156737999
45,3,0.8253019876096549
45,4,0.8698042575010954
46,0,0.8276912776331972
46,1,0.8164985036918774
46,2,0.8185809684118921
46,3,0.8272935583959977
46,4,0.8612574933548476
47,0,0.8400767646508145
47,1,0.8242299905229602
47,2,0.8105186399361157
47,3,0.8258040244426659
47,4,0.8586294827272367
48,0,0.8314165544555951
48,1,0.8436177065025772
48,2,0.8118376855865985
48,3,0.8163287320514198
48,4,0.8686330876299044
49,0,0.8358386596027345
49,1,0.8154162339910003
49,2,0.8093405715639072
49,3,0.8161697216097895
49,4,0.875255123519476
50,0,0.858014628987059
50,1,0.8168160606691096
50,2,0.8093405715639072
50,3,0.822217363629359
50,4,0.8606452472977403
51,0,0.848281595820876
51,1,0.8097738071479829
51,2,0.8143390802690752
51,3,0.8276327503517992
51,4,0.870214407471164
52,0,0.8505087019231368
52,1,0.8249920413417525
52,2,0.8000706619127671
52,3,0.8128325634690443
52,4,0.863376610884367
53,0,0.848281595820876
53,1,0.8085142835903756
53,2,0.7987633117434442
53,3,0.8174804472157424
53,4,0.8734415958362034
54,0,0.8381428070681723
54,1,0.8127424192707019
54,2,0.7930200370989844
54,3,0.8084547133900117
54,4,0.8706611260856545
55,0,0.8363939396749158
55,1,0.8194627181285815
55,2,0.7992583936856381
55,3,0.8137683860597803
55,4,0.8763991312135715
56,0,0.846655328798186
56,1,0.8097738071479829
56,2,0.7944548851635942
56,3,0.8178045298133509
56,4,0.8816596245841528
57,0,0.8413055241062759
57,1,0.8036066210378137
57,2,0.8024586057150906
57,3,0.8169494743333727
57,4,0.8790733892702269
58,0,0.8542343314866278
58,1,0.795987345987346
58,2,0.8016850775718052
58,3,0.8222420229953262
58,4,0.8735037974067497
59,0,0.8534615780356278
59,1,0.8057318676002955
59,2,0.7976826123279213
59,3,0.8192197422130343
59,4,0.8741602585321553
60,0,0.8462079983508555
60,1,0.809655600307966
60,2,0.8021550998188408
60,3,0.8225600252506519
60,4,0.8814772354240732
61,0,0.8414197739434257
61,1,0.8116875185168446
61,2,0.8025710125738189
61,3,0.8236797857953585
61,4,0.8718366471392421
62,0,0.8509677581106152
62,1,0.8077346675769403
62,2,0.8056708942056792
62,3,0.8133290778551105
62,4,0.8798037004904132
63,0,0.8383861988937217
63,1,0.8023084534428361
63,2,0.800975282835346
63,3,0.8166682508556182
63,4,0.8785277548151966
64,0,0.844123326750055
64,1,0.8105641829190926
64,2,0.8145214020779257
64,3,0.8156226558367619
64,4,0.879225738723842
65,0,0.8362063278554621
65,1,0.8053896756136029
65,2,0.8005924235479847
65,3,0.8263192093993764
65,4,0.882728255278322
66,0,0.8320561370202916
66,1,0.8026566170130526
66,2,0.8024630064103748
66,3,0.8106616726704938
66,4,0.882297470524229
67,0,0.839466106077134
67,1,0.8015547010759049
67,2,0.8149426118618943
67,3,0.8175269223634947
67,4,0.8724067226035603
68,0,0.823509595778191
68,1,0.8050569808525592
68,2,0.8065090690241128
68,3,0.8160027745554626
68,4,0.8758161585192755
69,0,0.8558388378583235
69,1,0.8103034622114857
69,2,0.8107618556777527
69,3,0.8285502330976606
69,4,0.8753615799593732
70,0,0.8319318601295345
70,1,0.8062386750742916
70,2,0.8089014135217203
70,3,0.810942843065346
70,4,0.8739670983824327
71,0,0.8305518492993178
71,1,0.823866656521933
71,2,0.8028881196794792
71,3,0.8265008960573477
71,4,0.8668725384890799
72,0,0.8425921562907865
72,1,0.7986733340991546
72,2,0.814619678567047
72,3,0.8257814591443338
72,4,0.8816443676219418
73,0,0.8454316212593836
73,1,0.7970328482120935
73,2,0.8167970917970919
73,3,0.8205118905701713
73,4,0.8679612536889134
74,0,0.835379194769373
74,1,0.7964278233127144
74,2,0.8072401162815662
74,3,0.8118430264380544
74,4,0.877824783087941
75,0,0.8394898643182396
75,1,0.8001541408518152
75,2,0.8061326260857624
75,3,0.8203377148652067
75,4,0.8704516204516205
76,0,0.8446749130527178
76,1,0.7969930663174729
76,2,0.8150884176311194
76,3,0.8273635318035456
76,4,0.8748105687574066
77,0,0.8488537217014038
77,1,0.8005753621652522
77,2,0.804970586549534
77,3,0.8248177151643585
77,4,0.8649441761480227
78,0,0.844672424045269
78,1,0.8050075892541646
78,2,0.8070406633226825
78,3,0.8148746527095936
78,4,0.8712454212454213
79,0,0.8400015602246723
79,1,0.8044128064482161
79,2,0.8074089741373328
79,3,0.8133193339933783
79,4,0.8765536944782228
80,0,0.8384459427362827
80,1,0.8034052958360166
80,2,0.8105949611687528
80,3,0.810524164703589
80,4,0.8758245036390732
81,0,0.8492552822371192
81,1,0.7958458208281508
81,2,0.8186508869786362
81,3,0.8093661006637758
81,4,0.8758245036390732
82,0,0.8432271859384278
82,1,0.7944365516658204
82,2,0.809932636794072
82,3,0.820450631311077
82,4,0.8630398582629704
83,0,0.8481125377050076
83,1,0.814526372992445
83,2,0.8103554340396446
83,3,0.8319705573350105
83,4,0.8712454212454213
84,0,0.8329034079524964
84,1,0.7912777687780281
84,2,0.8092743203734282
84,3,0.8359633807166058
84,4,0.8690701267732439
85,0,0.8437052941085199
85,1,0.7980442176870748
85,2,0.8157720657720657
85,3,0.8198593437073973
85,4,0.8812068235212638
86,0,0.846171637582957
86,1,0.797945055751771
86,2,0.8160791247114616
86,3,0.8291904172585263
86,4,0.8705069258774664
87,0,0.8460201089233348
87,1,0.7982043582275833
87,2,0.8133130654965849
87,3,0.8298814276004765
87,4,0.8705069258774664
88,0,0.8519297603804645
88,1,0.8079868280371172
88,2,0.8233717296217296
88,3,0.8251136839168642
88,4,0.871038262684809
89,0,0.8372171370455123
89,1,0.796814272061166
89,2,0.7995608843211583
89,3,0.8393196845907089
89,4,0.8751765775894771
90,0,0.8519297603804645
90,1,0.7972158667474596
90,2,0.8043227890830631
90,3,0.8358621193297282
90,4,0.8866437845683128
91,0,0.8432020877673051
91,1,0.8015495086923659
91,2,0.806927070897659
91,3,0.8418998639309629
91,4,0.8768055844720648
92,0,0.8434964477867878
92,1,0.8038643235071807
92,2,0.8054060090645456
92,3,0.8410006391975864
92,4,0.8694328671923012
93,0,0.8550041512506064
93,1,0.8000681808111971
93,2,0.8061566811566812
93,3,0.8422956060276752
93,4,0.8784684085861283
94,0,0.8376520182950977
94,1,0.807932593358414
94,2,0.7889870363554574
94,3,0.8372269667347012
94,4,0.8752247269473075
95,0,0.848894064591739
95,1,0.7960803458444969
95,2,0.7972804972804973
95,3,0.8523261588812427
95,4,0.8736197568588546
96,0,0.8452926322890423
96,1,0.8024383481326072
96,2,0.8091503267973855
96,3,0.8355930522217505
96,4,0.8579782036799916
97,0,0.839686773273111
97,1,0.7943394391068809
97,2,0.8015676080192209
97,3,0.8292806648319032
97,4,0.8760121013564623
98,0,0.8462330738954348
98,1,0.8070649476738769
98,2,0.7934523607192631
98,3,0.8278630326774029
98,4,0.8707126678602164
99,0,0.8432020877673051
99,1,0.8012838835513254
99,2,0.803479881990156
99,3,0.8399805034728851
99,4,0.8599569349569349
100,0,0.8492459153749476
100,1,0.7982218966641632
100,2,0.7997315390038162
100,3,0.8310816538453387
100,4,0.8732418143798117
101,0,0.8550041512506064
101,1,0.7989769914081841
101,2,0.7950531449522383
101,3,0.8356748143442283
101,4,0.8524549288676292
102,0,0.8454904542462147
102,1,0.8031238979612035
102,2,0.8096258454632191
102,3,0.8272613194266404
102,4,0.8536620939766635
103,0,0.8486826793278406
103,1,0.7982043582275833
103,2,0.7908155141037306
103,3,0.8232287665386258
103,4,0.8592093592714248
104,0,0.8392517817132809
104,1,0.7886766334440752
104,2,0.7860729442280681
104,3,0.8290394263771611
104,4,0.8705959989475383
105,0,0.8399969595621769
105,1,0.8013517896427246
105,2,0.7880523637102584
105,3,0.8307151979565772
105,4,0.864288361749444
106,0,0.848894064591739
106,1,0.799583035738044
106,2,0.8006907747881888
106,3,0.8252966665650685
106,4,0.8611404690972715
107,0,0.8443918389590926
107,1,0.8148534187053036
107,2,0.7890954278907825
107,3,0.8351502715762549
107,4,0.8666753124144102
108,0,0.8411856773317816
108,1,0.8050903487007866
108,2,0.7922328208438287
108,3,0.8469337547586856
108,4,0.8565570043164382
109,0,0.8443918389590926
109,1,0.7993669690098261
109,2,0.7922328208438287
109,3,0.8459487276905068
109,4,0.8586092932061994
110,0,0.8416332282062244
110,1,0.7958049457093739
110,2,0.7972947808787774
110,3,0.8369354900104887
110,4,0.8417918063834088
111,0,0.8411856773317816
111,1,0.7981320975339883
111,2,0.8027290728042746
111,3,0.8359117459301479
111,4,0.8533329563176247
112,0,0.835897747231112
112,1,0.8012897568899636
112,2,0.7974776750643601
112,3,0.8408691381157375
112,4,0.8684567684567684
113,0,0.8420770241442779
113,1,0.7993548845296802
113,2,0.7972789787685173
113,3,0.8425932990018437
113,4,0.851101867881258
114,0,0.8376821447473621
114,1,0.7919661924480642
114,2,0.7955492796580266
114,3,0.8429618593082164
114,4,0.8543529867511676
115,0,0.8410523174435137
115,1,0.7948647747959674
115,2,0.786145516773837
115,3,0.8300687632357638
115,4,0.8683137768664084
116,0,0.837038897782622
116,1,0.7921262619395628
116,2,0.7904354215432333
116,3,0.8420834624216318
116,4,0.8550689404934688
117,0,0.8413771190079522
117,1,0.8085503518377088
117,2,0.8001068092152334
117,3,0.8519668726143423
117,4,0.8637969986266479
118,0,0.837038897782622
118,1,0.8060847827971116
118,2,0.797445790097338
118,3,0.8303296048517457
118,4,0.8620278983725058
119,0,0.8401157636696998
119,1,0.7988339104062256
119,2,0.7939803655961666
119,3,0.8394488778882582
119,4,0.8611119386204202
120,0,0.8376821447473621
120,1,0.7979823384752962
120,2,0.7855247749192933
120,3,0.8359847281273799
120,4,0.8602713696432663
121,0,0.8365624369656628
121,1,0.7918737804251823
121,2,0.7917944322177192
121,3,0.8213663033585744
121,4,0.861613205425271
122,0,0.8304380207606015
122,1,0.8085625709230089
122,2,0.7920674746733796
122,3,0.8284163599621507
122,4,0.8468362687540769
123,0,0.8401157636696998
123,1,0.8022901665153965
123,2,0.7994888842719273
123,3,0.8476763846482156
123,4,0.8632342657342658
124,0,0.8402117257159274
124,1,0.8018708337520517
124,2,0.7912954448780425
124,3,0.8281395415257806
124,4,0.8479992138903742
125,0,0.8284111693660445
125,1,0.7870805188547216
125,2,0.8005593129645877
125,3,0.8375013678897093
125,4,0.8599744445942621
126,0,0.8302123462673922
126,1,0.7987534047080633
126,2,0.7928142684721632
126,3,0.8440483598157765
126,4,0.8490816972910105
127,0,0.8232287933853492
127,1,0.7908523503187272
127,2,0.7949915549743924
127,3,0.8297799114548979
127,4,0.8652695895604805
128,0,0.8432697361505309
128,1,0.7924577170317668
128,2,0.788407875518111
128,3,0.8426207221797625
128,4,0.8715482563590721
129,0,0.8404590426537386
129,1,0.7784162531804041
129,2,0.7905790733386922
129,3,0.8369503282658439
129,4,0.863342271001277
130,0,0.8368211694086909
130,1,0.8013517896427246
130,2,0.8032483345379096
130,3,0.8389173492221688
130,4,0.853824604210984
131,0,0.8273183079790654
131,1,0.7896402448126586
131,2,0.7966530336095553
131,3,0.8230757449216991
131,4,0.8507081382702039
132,0,0.8376821447473621
132,1,0.79021224118907
132,2,0.7973249668557496
132,3,0.8344249255752234
132,4,0.8586291567909214
133,0,0.8457900257684392
133,1,0.812725575503858
133,2,0.7923081785942105
133,3,0.8235641770440885
133,4,0.8547484191214703
134,0,0.8341774976025451
134,1,0.8013356918286496
134,2,0.7945960703823348
134,3,0.8384054251766898
134,4,0.8592093592714248
135,0,0.8313017849754267
135,1,0.7965613615157121
135,2,0.7867823050655232
135,3,0.833396791552442
135,4,0.8629019131195182
136,0,0.8392356747195457
136,1,0.7903602660785902
136,2,0.7912954448780425
136,3,0.8307335820808084
136,4,0.85205525606469
137,0,0.8505876401784416
137,1,0.7978891308384396
137,2,0.7925760960371946
137,3,0.8347759806919965
137,4,0.8354006435625329
138,0,0.8331097524648858
138,1,0.8027047785112302
138,2,0.7899304318869536
138,3,0.8192852575469366
138,4,0.862149946114623
139,0,0.8470259898831327
139,1,0.8079623477297897
139,2,0.7881074725793108
139,3,0.8242038373401173
139,4,0.8438525468684859
140,0,0.8436476867152083
140,1,0.7881241528869612
140,2,0.7933611996111996
140,3,0.8173546410211089
140,4,0.8520535596060201
141,0,0.8349501311792946
141,1,0.7880666880969389
141,2,0.7838771316402895
141,3,0.8248362671566647
141,4,0.8623330338424677
142,0,0.8478927340344998
142,1,0.7961749587508415
142,2,0.7842682197030023
142,3,0.819742889545468
142,4,0.8576373383798684
143,0,0.8523216626099982
143,1,0.7931925491775162
143,2,0.8042282634583959
143,3,0.8350278318150971
143,4,0.8669433975299479
144,0,0.8397523010606377
144,1,0.795885125215399
144,2,0.7984555137844612
144,3,0.8265697686882328
144,4,0.8529251303406047
145,0,0.8359889214727925
145,1,0.7936945461945462
145,2,0.7931199485236275
145,3,0.8141885298008529
145,4,0.85564067973619
146,0,0.8515607301897625
146,1,0.7942137588980546
146,2,0.8039859612800117
146,3,0.8093505820278772
146,4,0.8503736899012255
147,0,0.8478927340344998
147,1,0.7840203539836492
147,2,0.7974520824218492
147,3,0.8358581417062949
147,4,0.8553747591332408
148,0,0.844672424045269
148,1,0.776820604572569
148,2,0.7949701436543541
148,3,0.8253438447029902
148,4,0.8482648401826484
149,0,0.8415398221849835
149,1,0.7764670614010639
149,2,0.7984294871794871
149,3,0.8240378780620229
149,4,0.8507880233113753
150,0,0.8460201089233348
150,1,0.7819671086077447
150,2,0.8041666666666666
150,3,0.8386243386243386
150,4,0.8641563314163213
151,0,0.8371118518383596
151,1,0.7802862648235017
151,2,0.8050066655199106
151,3,0.8136499561064735
151,4,0.8568809645825228
152,0,0.8408066242573284
152,1,0.7929585426177884
152,2,0.7870698380566801
152,3,0.8197337204969173
152,4,0.8615176365253926
153,0,0.8374587230789864
153,1,0.7838863140802859
153,2,0.7908037988501565
153,3,0.8100443307223159
153,4,0.8583898872058227
154,0,0.8346669220927181
154,1,0.7808203112853447
154,2,0.7981745471060201
154,3,0.8058573876778504
154,4,0.8572952801429622
155,0,0.837832645390785
155,1,0.7931960091033132
155,2,0.8016235862185663
155,3,0.8136204466523758
155,4,0.857790216684959
156,0,0.8431317786156496
156,1,0.7989789774270051
156,2,0.7981447523393832
156,3,0.8186868308303026
156,4,0.8602556841213265
157,0,0.837832645390785
157,1,0.8010950427896736
157,2,0.8015004570373697
157,3,0.8123552565423079
157,4,0.8590137748600676
158,0,0.8404780879385446
158,1,0.7880698514744753
158,2,0.7924080952604442
158,3,0.8039874679940031
158,4,0.8518212531846546
159,0,0.8348077043729217
159,1,0.7802502688091464
159,2,0.7957637999584308
159,3,0.8223181211921892
159,4,0.8566743488522484
160,0,0.8379348959489272
160,1,0.7908884017120785
160,2,0.7984556432423732
160,3,0.8098721246375831
160,4,0.8596990867266223
161,0,0.8300473527436856
161,1,0.8054764541585282
161,2,0.7961961178197524
161,3,0.8213015675768157
161,4,0.8678384393157537
162,0,0.8312718883371057
162,1,0.7880177187153931
162,2,0.7989608636977058
162,3,0.8043747460571936
162,4,0.8634171115078466
163,0,0.8355772110132699
163,1,0.8048887601694471
163,2,0.8005554994869725
163,3,0.8127631558785648
163,4,0.853910116734431
164,0,0.8348077043729217
164,1,0.7984173960371869
164,2,0.7958982132741342
164,3,0.811959129446171
164,4,0.8584489160798454
165,0,0.8350320097668317
165,1,0.7898623380773881
165,2,0.7918402408234105
165,3,0.8106451008457606
165,4,0.8533461148623471
166,0,0.8284111693660445
166,1,0.7958375269590222
166,2,0.7873364371955921
166,3,0.8133823832775318
166,4,0.8599714627402096
167,0,0.8519297603804645
167,1,0.8068741818741819
167,2,0.7829764199002298
167,3,0.817011006146723
167,4,0.8466614549061443
168,0,0.8319183918505817
168,1,0.8048887601694471
168,2,0.7873364371955921
168,3,0.8207834658483285
168,4,0.8629874908020603
169,0,0.8257824005421623
169,1,0.7987162601026951
169,2,0.7989608636977058
169,3,0.8167155711958513
169,4,0.855845423518274
170,0,0.8376821447473621
170,1,0.804540804656064
170,2,0.8015692381958395
170,3,0.8189990321451512
170,4,0.8582167858346281
171,0,0.828668221931979
171,1,0.811535996497645
171,2,0.7970740268131682
171,3,0.8231103449386917
171,4,0.8582167858346281
172,0,0.8408276311502119
172,1,0.8097269583390649
172,2,0.7860650290117176
172,3,0.812017662206716
172,4,0.8606663618780854
173,0,0.8316579226127978
173,1,0.8008415990503144
173,2,0.78977329687856
173,3,0.8158247855076576
173,4,0.84772288257685
174,0,0.8437052941085199
174,1,0.8038100212204546
174,2,0.7904073601465016
174,3,0.8128848527003779
174,4,0.8608262724783912
175,0,0.8322815797678286
175,1,0.7990098809208499
175,2,0.8077760606284097
175,3,0.8187706450369328
175,4,0.8487250281903315
176,0,0.8408276311502119
176,1,0.8012263698808354
176,2,0.8043195498802929
176,3,0.8187318630385638
176,4,0.84906558812907
177,0,0.8374587230789864
177,1,0.8073708710817905
177,2,0.7924378900270811
177,3,0.8127611676712598
177,4,0.8487250281903315
178,0,0.8374587230789864
178,1,0.8130882352941176
178,2,0.7929680896413767
178,3,0.8173972718987864
178,4,0.8360663884818628
179,0,0.8463785318624029
179,1,0.8065131400607781
179,2,0.7943040033764476
179,3,0.8160285302103027
179,4,0.8403250436355609
180,0,0.8348077043729217
180,1,0.8066030484324203
180,2,0.7810906550006076
180,3,0.8090250746224601
180,4,0.845768530099516
181,0,0.8412028698051364
181,1,0.7867937134264088
181,2,0.78202356211808
181,3,0.8128392227576116
181,4,0.8514999675765162
182,0,0.8231589462614131
182,1,0.7985140547447049
182,2,0.7841027042185664
182,3,0.8150608233006557
182,4,0.8516661024599412
183,0,0.8352767304380209
183,1,0.8004226332386524
183,2,0.7946363897671745
183,3,0.8133207792811643
183,4,0.845768530099516
184,0,0.831539369592011
184,1,0.8089916391611446
184,2,0.7977115660134528
184,3,0.8246008990832182
184,4,0.85152021063104
185,0,0.8348077043729217
185,1,0.8001621888014995
185,2,0.7946363897671745
185,3,0.8198858021363297
185,4,0.8402381709732665
186,0,0.8353673299325473
186,1,0.8052827189733511
186,2,0.7787871344682071
186,3,0.8146961073471783
186,4,0.84901385064864
187,0,0.8381646728420922
187,1,0.8049122807017544
187,2,0.7840371679642832
187,3,0.8189940789070541
187,4,0.8573889312888827
188,0,0.8381646728420922
188,1,0.8034160155290186
188,2,0.8018327067669172
188,3,0.8029866323607544
188,4,0.8438590985760798
189,0,0.8496149455656498
189,1,0.8128809527588984
189,2,0.7970010268258247
189,3,0.8115893332268179
189,4,0.8627375511314279
190,0,0.844074384396965
190,1,0.8128148535269386
190,2,0.7932478122895203
190,3,0.8056757993237311
190,4,0.8580531514839765
191,0,0.8384118983440881
191,1,0.8079128927426249
191,2,0.7825032379606736
191,3,0.8115893332268179
191,4,0.85771179100563
192,0,0.8413904792937051
192,1,0.8042749670353666
192,2,0.7829682161265825
192,3,0.8330953039610087
192,4,0.8491552124490512
193,0,0.8308517850437298
193,1,0.8026072650710985
193,2,0.7774253411134588
193,3,0.8250261128905659
193,4,0.8495867026055706
194,0,0.8359563836733384
194,1,0.7934972716788739
194,2,0.7848817365591001
194,3,0.8065720762598942
194,4,0.8386431830117882
195,0,0.8393259387977697
195,1,0.8062963899407529
195,2,0.7807485512139211
195,3,0.8067998862661212
195,4,0.8395440778844978
196,0,0.8277960092476222
196,1,0.7769901683441526
196,2,0.7814847871426818
196,3,0.8109886962278386
196,4,0.842997579763396
197,0,0.8228009759320913
197,1,0.7916269932587993
197,2,0.7864116039647584
197,3,0.7972063401308684
197,4,0.838416413240357
198,0,0.8306897882479278
198,1,0.7933075041402677
198,2,0.7841027042185664
198,3,0.8083304044518999
198,4,0.8367404991575607
199,0,0.8333366305140499
199,1,0.7902252301224904
199,2,0.7951070596306316
199,3,0.80648212746395
199,4,0.8463951373011775
200,0,0.8364239063653768
200,1,0.7921588757472895
200,2,0.7891432942376339
200,3,0.8038629594139527
200,4,0.8396551282283206
201,0,0.8393259387977697
201,1,0.7839543013934334
201,2,0.787703388137472
201,3,0.812023454946444
201,4,0.8430609975643334
202,0,0.8333366305140499
202,1,0.789322497346649
202,2,0.7954655863106567
202,3,0.8270698188315564
202,4,0.84906558812907
203,0,0.8374587230789864
203,1,0.8020112972352246
203,2,0.7959333249101014
203,3,0.8009754425561497
203,4,0.8512988359679073
204,0,0.8307920388060701
204,1,0.7908277439416134
204,2,0.7886919938806732
204,3,0.8075920828009011
204,4,0.8438590985760798
205,0,0.8395442001141619
205,1,0.8089900960953716
205,2,0.7899390198698081
205,3,0.8073640553647453
205,4,0.8482627621458736
206,0,0.837011123982955
206,1,0.8008995069495303
206,2,0.799163324826832
206,3,0.8036529117321212
206,4,0.8505696451287577
207,0,0.8272306397306397
207,1,0.801856441919079
207,2,0.7861273832095073
207,3,0.8035942987042308
207,4,0.8465660935843918
208,0,0.8210017150397443
208,1,0.8004591580743081
208,2,0.7791744863739126
208,3,0.8247858789766567
208,4,0.8428694810371664
209,0,0.8246720150389875
209,1,0.7955080790670013
209,2,0.7845378404657288
209,3,0.7976016450665048
209,4,0.8412695350183291
210,0,0.8246720150389875
210,1,0.7917570226561474
210,2,0.7728850987545209
210,3,0.8314396470434615
210,4,0.8468362687540769
211,0,0.8310218156992351
211,1,0.7883211648256825
211,2,0.7957142857142857
211,3,0.8252799228798235
211,4,0.8406392374303615
212,0,0.8246720150389875
212,1,0.7928540903540903
212,2,0.8077760606284097
212,3,0.8186513046950991
212,4,0.8396378269617707
213,0,0.8336847740073547
213,1,0.791687045767061
213,2,0.8022064777327935
213,3,0.8082552230707483
213,4,0.8406392374303615
214,0,0.8412028698051364
214,1,0.8051897752524122
214,2,0.78977329687856
214,3,0.8196538224360491
214,4,0.8471690673633885
215,0,0.8342476221508479
215,1,0.789859215844183
215,2,0.788566888447958
215,3,0.8003728877560653
215,4,0.8564280072218461
216,0,0.8323897300855827
216,1,0.8047380227103986
216,2,0.7973769267569806
216,3,0.8281642573550352
216,4,0.8495715078653467
217,0,0.8379196840026333
217,1,0.8069210145103273
217,2,0.7893183019573808
217,3,0.8133823832775318
217,4,0.8570189171559034
218,0,0.8268245564260744
218,1,0.8132519494812062
218,2,0.7878398151713516
218,3,0.8104840923816949
218,4,0.8462271127009557
219,0,0.8390393917843327
219,1,0.8069460396412156
219,2,0.7954487506374299
219,3,0.8081767468632135
219,4,0.8442519458867352
220,0,0.8384586313157742
220,1,0.8115803109292937
220,2,0.7945064818380182
220,3,0.8031073513183988
220,4,0.8635207896122872
221,0,0.831990511836174
221,1,0.7992318490322072
221,2,0.7918551767362462
221,3,0.8144955178333015
221,4,0.8469582596248633
222,0,0.8294722133354109
222,1,0.8064651905398064
222,2,0.7891432942376339
222,3,0.8159554685760929
222,4,0.8430108329263072
223,0,0.8294722133354109
223,1,0.7980232827075784
223,2,0.8001223960483004
223,3,0.8211088475716675
223,4,0.845588930936613
224,0,0.8257550584955351
224,1,0.8063718190460311
224,2,0.8024968000861095
224,3,0.8194156344140476
224,4,0.854067729746877
225,0,0.8289278718294065
225,1,0.7997875056393084
225,2,0.80456836255629
225,3,0.8163844451981882
225,4,0.8410280432986983
226,0,0.8389312191634188
226,1,0.814154889433172
226,2,0.802469813888676
226,3,0.7946627876515971
226,4,0.8556694726347759
227,0,0.8207744636316064
227,1,0.806331934394662
227,2,0.801937033091269
227,3,0.8116448390829686
227,4,0.8416013609377684
228,0,0.819165064171729
228,1,0.8069835273558965
228,2,0.7902595956796153
228,3,0.8175699520013064
228,4,0.8450264308954184
229,0,0.8202848230121359
229,1,0.8108450616515133
229,2,0.7884279406958545
229,3,0.8304481972099348
229,4,0.8490866490477772
230,0,0.8136963597442658
230,1,0.7987600841324534
230,2,0.7763097532335631
230,3,0.8331327814144526
230,4,0.856315859066962
231,0,0.8344472562626708
231,1,0.801584495003771
231,2,0.8007243051169385
231,3,0.8359915820588021
231,4,0.8453569448090879
232,0,0.8111503727357919
232,1,0.78049004034863
232,2,0.8005459333906395
232,3,0.8283952967051558
232,4,0.8484191482362957
233,0,0.8266277507388932
233,1,0.7956590752242926
233,2,0.7943799863540253
233,3,0.811294865257027
233,4,0.8554782037425562
234,0,0.8238597599565868
234,1,0.7964774951076321
234,2,0.7907020518001826
234,3,0.824487225950046
234,4,0.8435708643647033
235,0,0.8344472562626708
235,1,0.7996745844291142
235,2,0.7978130041510323
235,3,0.8143176640163668
235,4,0.838538424481584
236,0,0.8258869532287156
236,1,0.7964910825138775
236,2,0.7922421204418044
236,3,0.8325284786229759
236,4,0.8550603923843361
237,0,0.8321536782810194
237,1,0.7957811839171918
237,2,0.8040299153544379
237,3,0.8199015285463883
237,4,0.864855585273375
238,0,0.8283913072964769
238,1,0.7982143249347707
238,2,0.7875484756279458
238,3,0.8139630059954714
238,4,0.8626129001749658
239,0,0.8230309799571618
239,1,0.7982143249347707
239,2,0.7952629853573249
239,3,0.8190399718024787
239,4,0.8622881453303063
240,0,0.8346437478034384
240,1,0.7892581982813373
240,2,0.7980874611697284
240,3,0.8307812915227212
240,4,0.8490482040683679
241,0,0.8162706874470271
241,1,0.8051417432001112
241,2,0.8072544615500359
241,3,0.8304481972099348
241,4,0.8577302461120154
242,0,0.8220621933724264
242,1,0.7994192035540771
242,2,0.7868495916363215
242,3,0.829882796749133
242,4,0.8495387356098341
243,0,0.8228290323741325
243,1,0.8025992215067845
243,2,0.7880190978955214
243,3,0.8262785650406956
243,4,0.8487159856413111
244,0,0.8383854774702155
244,1,0.8051817776636472
244,2,0.788983286572596
244,3,0.8191131084602077
244,4,0.8570820868056495
245,0,0.8355334723868377
245,1,0.8017023085769083
245,2,0.7864116039647584
245,3,0.8143176640163668
245,4,0.8557936237741195
246,0,0.8292475510697123
246,1,0.7923936885880516
246,2,0.7892946029013925
246,3,0.81382440280697
246,4,0.8441621583833107
247,0,0.8295895257588748
247,1,0.7864392690012683
247,2,0.7951223599588084
247,3,0.8241167991816618
247,4,0.8542684611604308
248,0,0.8282325337082724
248,1,0.799130449118031
248,2,0.7953275315705088
248,3,0.8338642213642213
248,4,0.8416159493529756
249,0,0.8134143161206007
249,1,0.8003052427364354
249,2,0.7897638276979115
249,3,0.8247858789766567
249,4,0.8554782037425562
250,0,0.8315558642585023
250,1,0.8068679158093773
250,2,0.7866921568045435
250,3,0.8100443307223159
250,4,0.8577029162438223
251,0,0.8310762896612159
251,1,0.8039494148072222
251,2,0.7839409633974829
251,3,0.8254997419442542
251,4,0.8548457177592612
252,0,0.8307871340129404
252,1,0.7957290885738134
252,2,0.8022209447159145
252,3,0.8268059263481017
252,4,0.8432513845153071
253,0,0.819165064171729
253,1,0.7973069961929726
253,2,0.7925525932161004
253,3,0.81803705537709
253,4,0.8574659915053715
254,0,0.8310762896612159
254,1,0.7828466448882716
254,2,0.7960408390589597
254,3,0.8227134311668592
254,4,0.8548268834984349
255,0,0.8291782145867719
255,1,0.7946872665697029
255,2,0.7964965468486596
255,3,0.81803705537709
255,4,0.8505615453728661
256,0,0.8316579226127978
256,1,0.8005107657358532
256,2,0.7894660810704878
256,3,0.8139484162639414
256,4,0.8745341064674541
257,0,0.8253578383474638
257,1,0.8005107657358532
257,2,0.7955795381738777
257,3,0.8200819015827262
257,4,0.86457287549495
258,0,0.8260628376939161
258,1,0.7936171653745734
258,2,0.7827716785115207
258,3,0.8093505820278772
258,4,0.8672227310143592
259,0,0.8331079996720057
259,1,0.7906985708355571
259,2,0.775099508212091
259,3,0.8166541126144976
259,4,0.8517334870740186
260,0,0.8320964551663562
260,1,0.7953742306928727
260,2,0.7955542780492478
260,3,0.8107388315102965
260,4,0.8523445898701948
261,0,0.8160005072097036
261,1,0.8082154346826984
261,2,0.7929044947912872
261,3,0.8177051556609232
261,4,0.8502907750236253
262,0,0.8173773637895525
262,1,0.7919529306321759
262,2,0.7951802763345122
262,3,0.8214521368353852
262,4,0.8574659915053715
263,0,0.8306429516250945
263,1,0.7956722203744241
263,2,0.7899999999999999
263,3,0.8193017327457112
263,4,0.8655917732227025
264,0,0.8186001511267519
264,1,0.7854785062943511
264,2,0.7961521751564674
264,3,0.8042625097994226
264,4,0.8624226481870008
265,0,0.8066305828926729
265,1,0.7854785062943511
265,2,0.7978629596266403
265,3,0.8139484162639414
265,4,0.8624226481870008
266,0,0.8017684696256124
266,1,0.7883114679119231
266,2,0.7872411372411373
266,3,0.8114449771636231
266,4,0.8567459992759453
267,0,0.8092087673089081
267,1,0.796764585774653
267,2,0.7933749264875092
267,3,0.8146505699550135
267,4,0.8570820868056495
268,0,0.8089241608743243
268,1,0.7936687396537068
268,2,0.7774391336183789
268,3,0.8093505820278772
268,4,0.8582153069410565
269,0,0.8146693453286867
269,1,0.7939186675116598
269,2,0.7780492831032346
269,3,0.818801936927125
269,4,0.8462519489973869
270,0,0.8249754030052389
270,1,0.8048185337884766
270,2,0.7906687897912436
270,3,0.8264660496366782
270,4,0.8602864144281899
271,0,0.824212657616048
271,1,0.8025354287656455
271,2,0.7976214759233626
271,3,0.8051459027595094
271,4,0.8577302461120154
272,0,0.8302020391142279
272,1,0.8025354287656455
272,2,0.7923809523809523
272,3,0.8063423370587409
272,4,0.8718906432692586
273,0,0.8239750729994637
273,1,0.7967831019555158
273,2,0.7949989321725064
273,3,0.8129266979579371
273,4,0.8669943078966511
274,0,0.8204288897182556
274,1,0.7961767957167671
274,2,0.791224652540442
274,3,0.8111062409715234
274,4,0.8540516399737145
275,0,0.8201782568031306
275,1,0.7961767957167671
275,2,0.7947619047619047
275,3,0.8111062409715234
275,4,0.8453643920108123
276,0,0.8172441763424594
276,1,0.791972870148655
276,2,0.7939051989995386
276,3,0.8134000354203025
276,4,0.8570482568515297
277,0,0.8322133721276228
277,1,0.7888229053059309
277,2,0.7867658131031301
277,3,0.8134000354203025
277,4,0.8681008744629357
278,0,0.8350485991995426
278,1,0.7876974440752191
278,2,0.7873039189083256
278,3,0.8134000354203025
278,4,0.8663262908778857
279,0,0.8054337256666692
279,1,0.7809268112839541
279,2,0.7801551890773544
279,3,0.8156758863316229
279,4,0.8600485555972981
280,0,0.8152137957858022
280,1,0.7887170779797694
280,2,0.8004914004914006
280,3,0.8047289456178828
280,4,0.8624102958440159
281,0,0.8157165827814541
281,1,0.7951040986702
281,2,0.8065589058998208
281,3,0.80648212746395
281,4,0.8540996759372433
282,0,0.8187751231667428
282,1,0.7837939632048677
282,2,0.7923809523809523
282,3,0.810203895511693
282,4,0.8690966910306532
283,0,0.8292475510697123
283,1,0.7901503075815002
283,2,0.7864391528166972
283,3,0.8177705415151832
283,4,0.860449540691369
284,0,0.8142129528794637
284,1,0.7918419693910578
284,2,0.7863614117135244
284,3,0.8218199949076086
284,4,0.8652614097282105
285,0,0.8259935893361577
285,1,0.7846597557155648
285,2,0.7888323080428343
285,3,0.8122589565771046
285,4,0.8690966910306532
286,0,0.8259935893361577
286,1,0.7869700504974477
286,2,0.791463137710047
286,3,0.8169761513503624
286,4,0.8666107658572261
287,0,0.8310762896612159
287,1,0.7840478123012369
287,2,0.791463137710047
287,3,0.8061577600852116
287,4,0.8603774112178311
288,0,0.8342610030370121
288,1,0.7928095284297917
288,2,0.790952380952381
288,3,0.8068549774492026
288,4,0.8670165347218731
289,0,0.8280806398908839
289,1,0.7992409034367837
289,2,0.7849229665273733
289,3,0.8126988879517102
289,4,0.868797237523038
290,0,0.8285070088641516
290,1,0.7981925360122878
290,2,0.7884279406958545
290,3,0.8191093252170982
290,4,0.868797237523038
291,0,0.8214730575898399
291,1,0.7699540951218803
291,2,0.7820799640610961
291,3,0.818801936927125
291,4,0.8543055885777688
292,0,0.8189217109865824
292,1,0.7850482653880712
292,2,0.7947320697320697
292,3,0.8114487643732927
292,4,0.8583186538608147
293,0,0.8189217109865824
293,1,0.7866953578059253
293,2,0.7817291507708588
293,3,0.8122262002556387
293,4,0.8560708643647033
294,0,0.8244059303292554
294,1,0.7929166589373056
294,2,0.7975511251013675
294,3,0.8169517605966203
294,4,0.8607400204423099
295,0,0.8280806398908839
295,1,0.8138681447416988
295,2,0.7986004431564085
295,3,0.8061577600852116
295,4,0.8607400204423099
296,0,0.8194766968184591
296,1,0.8085329002760195
296,2,0.7973961493257362
296,3,0.8061577600852116
296,4,0.8607400204423099
297,0,0.8283913072964769
297,1,0.7871496679028542
297,2,0.7980952380952381
297,3,0.8155465608797271
297,4,0.8697901234790042
298,0,0.8131218597693043
298,1,0.7890630380592605
298,2,0.7969503303713831
298,3,0.821810520014209
298,4,0.863139492174531
299,0,0.8199692382604619
299,1,0.7946725674912095
299,2,0.8057738373527847
299,3,0.8113436089588355
299,4,0.8697901234790042
300,0,0.8214692116371668
300,1,0.8042806426975192
300,2,0.7933333333333333
300,3,0.8196529249606309
300,4,0.861662949822387
301,0,0.8309654164696182
301,1,0.7945122129589001
301,2,0.7999621212121213
301,3,0.8115260221619425
301,4,0.8664880670671339
302,0,0.8254247153406816
302,1,0.7945122129589001
302,2,0.7999621212121213
302,3,0.8115260221619425
302,4,0.8664880670671339
303,0,0.8092087673089081
303,1,0.7876264750629659
303,2,0.7948188424080336
303,3,0.8050278381439762
303,4,0.8758472201712237
304,0,0.8352420201710392
304,1,0.8149064271330927
304,2,0.7948188424080336
304,3,0.8050278381439762
304,4,0.8758472201712237
305,0,0.8282207248190203
305,1,0.8039332718422159
305,2,0.7917836453938412
305,3,0.8178887364043306
305,4,0.8757358929479924
306,0,0.8282207248190203
306,1,0.8039332718422159
306,2,0.7917836453938412
306,3,0.8178887364043306
306,4,0.8757358929479924
307,0,0.8254597516576724
307,1,0.8039332718422159
307,2,0.79760322336107
307,3,0.8178887364043306
307,4,0.8757358929479924
308,0,0.8254597516576724
308,1,0.8039332718422159
308,2,0.8011369332421964
308,3,0.8193111732740795
308,4,0.8757358929479924
309,0,0.8254597516576724
309,1,0.8039332718422159
309,2,0.8011369332421964
309,3,0.8193111732740795
309,4,0.8757358929479924
310,0,0.8254597516576724
310,1,0.8039332718422159
310,2,0.8011369332421964
310,3,0.8193111732740795
310,4,0.8757358929479924
311,0,0.8254597516576724
311,1,0.7947379623857813
311,2,0.7980952380952381
311,3,0.8193111732740795
311,4,0.8757358929479924
312,0,0.8254597516576724
312,1,0.7947379623857813
312,2,0.7980952380952381
312,3,0.8193111732740795
312,4,0.8757358929479924
313,0,0.8254597516576724
313,1,0.7947379623857813
313,2,0.7980952380952381
313,3,0.8193111732740795
313,4,0.8757358929479924
314,0,0.8254597516576724
314,1,0.7947379623857813
314,2,0.7980952380952381
314,3,0.8193111732740795
314,4,0.8757358929479924
315,0,0.8254597516576724
315,1,0.7947379623857813
315,2,0.7980952380952381
315,3,0.8193111732740795
315,4,0.8757358929479924
316,0,0.8190111332900706
316,1,0.7947379623857813
316,2,0.7923103803898506
316,3,0.812577065208368
316,4,0.8674917942124958
317,0,0.8269655930206389
317,1,0.7982479155899136
317,2,0.8004230374594203
317,3,0.8095334789267541
317,4,0.8674917942124958
318,0,0.8269655930206389
318,1,0.7982479155899136
318,2,0.8004230374594203
318,3,0.8095334789267541
318,4,0.8674917942124958
319,0,0.8269655930206389
319,1,0.7982479155899136
319,2,0.8004230374594203
319,3,0.8095334789267541
319,4,0.8674917942124958
320,0,0.8269655930206389
320,1,0.7982479155899136
320,2,0.8004230374594203
320,3,0.8095334789267541
320,4,0.8674917942124958
321,0,0.8269655930206389
321,1,0.7982479155899136
321,2,0.8004230374594203
321,3,0.8095334789267541
321,4,0.8674917942124958
322,0,0.8326670261564635
322,1,0.7982479155899136
322,2,0.8004230374594203
322,3,0.8134000354203025
322,4,0.8650977214040191
323,0,0.8326670261564635
323,1,0.7982479155899136
323,2,0.8004230374594203
323,3,0.8134000354203025
323,4,0.8650977214040191
324,0,0.8326670261564635
324,1,0.7982479155899136
324,2,0.8004230374594203
324,3,0.8134000354203025
324,4,0.8650977214040191
325,0,0.8181521093285798
325,1,0.8008644395436848
325,2,0.8061596945383593
325,3,0.8099715039824352
325,4,0.8661261896024244
326,0,0.8245204089606366
326,1,0.8008644395436848
326,2,0.8061596945383593
326,3,0.7993356848478587
326,4,0.8704593650289734
