feature,feature_short,importance,rank_shap
higuchi_fd,higuchi_fd,0.6750695,1
value__spkt_welch_density__coeff_8,Welch PSD (coeff 8),0.5867153,2
value__autocorrelation__lag_6,Autocorrelation (lag 6),0.49694493,3
"value__agg_autocorrelation__f_agg_""mean""__maxlag_40",Aggregated Autocorr Mean (maxlag 40),0.43598077,4
value__autocorrelation__lag_3,Autocorrelation (lag 3),0.3523812,5
"value__augmented_dickey_fuller__attr_""teststat""__autolag_""AIC""",ADF Test Stat (AIC),0.34687126,6
value__autocorrelation__lag_4,Autocorrelation (lag 4),0.332351,7
value__longest_strike_below_mean,Longest Strike Below Mean,0.30400485,8
value__spkt_welch_density__coeff_5,Welch PSD (coeff 5),0.29575574,9
value__fourier_entropy__bins_10,Fourier Entropy (bins 10),0.29027832,10
value__ar_coefficient__coeff_0__k_10,"AR Coefficient (0, order 10)",0.27338117,11
value__partial_autocorrelation__lag_4,partial_Autocorrelation (lag 4),0.2731082,12
value__autocorrelation__lag_9,Autocorrelation (lag 9),0.26878327,13
value__partial_autocorrelation__lag_3,partial_Autocorrelation (lag 3),0.25080714,14
"value__fft_aggregated__aggtype_""skew""",FFT Spectral Skewness,0.22030869,15
value__autocorrelation__lag_7,Autocorrelation (lag 7),0.21698904,16
value__autocorrelation__lag_5,Autocorrelation (lag 5),0.18740828,17
value__quantile__q_0.1,Quantile (0.1),0.15841426,18
value__permutation_entropy__dimension_5__tau_1,"Permutation Entropy (dim 5, tau=1)",0.15500022,19
"value__fft_aggregated__aggtype_""centroid""",FFT Spectral Centroid,0.14751214,20
petrosian_fd,petrosian_fd,0.13529237,21
value__permutation_entropy__dimension_6__tau_1,"Permutation Entropy (dim 6, tau=1)",0.07390822,22
value__energy_ratio_by_chunks__num_segments_10__segment_focus_7,"Energy Ratio (segments=10, focus=7)",0.07171676,23
value__autocorrelation__lag_1,Autocorrelation (lag 1),0.068658434,24
