method,confidence_level,alpha,class,precision,recall,f1_score,support
LAC,0.9,0.1,BB,0.925,0.925,0.925,80
LAC,0.9,0.1,C,0.931,0.9643,0.9474,56
LAC,0.9,0.1,GW,0.9217,0.9464,0.9339,112
LAC,0.9,0.1,WTD,0.9565,0.7857,0.8627,28
LAC,0.95,0.05,BB,0.9286,0.9811,0.9541,53
LAC,0.95,0.05,C,0.9792,1.0,0.9895,47
LAC,0.95,0.05,GW,0.9891,0.9785,0.9838,93
LAC,0.95,0.05,WTD,1.0,0.7273,0.8421,11
LAC,0.99,0.01,BB,1.0,1.0,1.0,19
LAC,0.99,0.01,C,1.0,1.0,1.0,22
LAC,0.99,0.01,GW,1.0,1.0,1.0,48
LAC,0.99,0.01,WTD,0.0,0.0,0.0,0
APS,0.9,0.1,BB,0.9245,0.98,0.9515,50
APS,0.9,0.1,C,0.9773,1.0,0.9885,43
APS,0.9,0.1,GW,0.9888,0.9778,0.9832,90
APS,0.9,0.1,WTD,1.0,0.7273,0.8421,11
APS,0.95,0.05,BB,1.0,0.9737,0.9867,38
APS,0.95,0.05,C,1.0,1.0,1.0,32
APS,0.95,0.05,GW,0.9859,1.0,0.9929,70
APS,0.95,0.05,WTD,1.0,1.0,1.0,5
APS,0.99,0.01,BB,0.0,0.0,0.0,0
APS,0.99,0.01,C,1.0,1.0,1.0,3
APS,0.99,0.01,GW,1.0,1.0,1.0,2
APS,0.99,0.01,WTD,0.0,0.0,0.0,0
