feature,feature_short,rank_impurity,rank_permutation,rank_shap,mean_rank,rank_std
value__autocorrelation__lag_3,Autocorrelation (lag 3),1,3,1,1.6666666666666667,1.1547005383792517
value__autocorrelation__lag_6,Autocorrelation (lag 6),2,2,3,2.3333333333333335,0.5773502691896258
value__spkt_welch_density__coeff_8,Welch PSD (coeff 8),7,1,2,3.3333333333333335,3.2145502536643185
"value__agg_autocorrelation__f_agg_""mean""__maxlag_40",Aggregated Autocorr Mean (maxlag 40),4,5,4,4.333333333333333,0.5773502691896258
"value__augmented_dickey_fuller__attr_""teststat""__autolag_""AIC""",ADF Test Stat (AIC),6,7,5,6.0,1.0
value__autocorrelation__lag_7,Autocorrelation (lag 7),10,6,7,7.666666666666667,2.0816659994661326
value__spkt_welch_density__coeff_5,Welch PSD (coeff 5),11,4,8,7.666666666666667,3.5118845842842465
value__autocorrelation__lag_4,Autocorrelation (lag 4),3,16,6,8.333333333333334,6.8068592855540455
"value__fft_aggregated__aggtype_""centroid""",FFT Spectral Centroid,5,12,10,9.0,3.605551275463989
"value__fft_aggregated__aggtype_""skew""",FFT Spectral Skewness,16,8,11,11.666666666666666,4.041451884327381
value__autocorrelation__lag_2,Autocorrelation (lag 2),9,11,15,11.666666666666666,3.055050463303893
value__autocorrelation__lag_1,Autocorrelation (lag 1),12,9,14,11.666666666666666,2.5166114784235836
value__autocorrelation__lag_9,Autocorrelation (lag 9),14,15,9,12.666666666666666,3.214550253664318
value__partial_autocorrelation__lag_4,partial_Autocorrelation (lag 4),17,10,12,13.0,3.605551275463989
value__sum_of_reoccurring_values,Sum Reoccurring Values,13,14,13,13.333333333333334,0.5773502691896257
value__friedrich_coefficients__coeff_2__m_3__r_30,"Friedrich Coeff (2, m=3, r=30)",8,17,16,13.666666666666666,4.932882862316248
value__sum_of_reoccurring_data_points,Sum Reoccurring Datapoints,15,13,17,15.0,2.0
