filename,category,reference_feature_extraction_ms,reference_xgb_inference_ms,reference_xgb_total_ms,optimized_feature_extraction_ms,optimized_xgb_inference_ms,optimized_xgb_total_ms,cwt_scalogram_ms,cnn_inference_ms,cnn_total_ms,max_feature_difference,predictions_match
C-1688264618-1.wav,C,89.513094,0.855472,90.368566,14.559482,0.52592,15.085401999999998,12.531145,20.172645,32.70379,4.440892098500626e-16,True
GW-1687857266-1.wav,GW,85.668268,0.847912,86.51617999999999,15.012329,0.7955,15.807829,12.355859,19.844092,32.199951,0.0,True
BB-1688044228-1.wav,BB,86.471129,0.843492,87.314621,14.922385,0.528,15.450385,12.516764,19.77179,32.288554,4.440892098500626e-16,True
WTD-1688515731-1.wav,WTD,86.395126,0.877283,87.27240900000001,15.096592,0.78425,15.880842,12.383149,19.932896,32.316045,0.0,True
C-1688323122-2.wav,C,86.548001,0.809351,87.357352,14.23477,0.565291,14.800061,12.428391,20.641973,33.070364,4.440892098500626e-16,True
GW-1687855838-1.wav,GW,84.972432,0.902064,85.874496,14.543202,0.786299,15.329501,12.347498,20.225386,32.572884,0.0,True
GW-1687859496-1.wav,GW,88.907281,0.78184,89.689121,16.288337,0.493329,16.781665999999998,12.561207,19.690546,32.251753,8.881784197001252e-16,True
BB-1688033324-1.wav,BB,85.793983,0.880393,86.674376,15.235067,0.77329,16.008357,12.333888,20.282489,32.616377,8.881784197001252e-16,True
GW-1687850874-1.wav,GW,87.884162,0.892464,88.77662600000001,14.274761,0.624964,14.899725,12.579237,20.347771,32.927008,4.440892098500626e-16,True
BB-1687971323-1.wav,BB,88.325799,0.855052,89.180851,17.898379,0.875563,18.773941999999998,12.447832,19.846363,32.294195,4.440892098500626e-16,True
C-1688166918-1.wav,C,86.681367,0.850322,87.531689,14.675467,0.518719,15.194186,12.540655,20.164504,32.705159,4.440892098500626e-16,True
GW-1687858534-2.wav,GW,87.699275,0.855122,88.554397,16.274867,0.816601,17.091468,12.39343,19.834742,32.228172,4.440892098500626e-16,True
GW-1687814373-1.wav,GW,87.061901,0.861473,87.92337400000001,15.439075,0.52214,15.961215000000001,12.725953,21.048488,33.774440999999996,8.881784197001252e-16,True
BB-1688119941-2.wav,BB,87.890182,0.865093,88.755275,15.979236,0.816921,16.796157,12.785024,20.658143,33.443167,8.881784197001252e-16,True
GW-1687815930-3.wav,GW,86.302402,0.855173,87.157575,14.447207,0.50083,14.948037000000001,12.488963,20.749367,33.23833,4.440892098500626e-16,True
BB-1687973040-1.wav,BB,88.704083,0.903065,89.607148,14.928326,0.817711,15.746037,12.725672,20.616732,33.342404,2.220446049250313e-16,True
WTD-1688484936-1.wav,WTD,86.576462,0.853483,87.429945,14.732268,0.502199,15.234466999999999,12.542976,19.729298,32.272273999999996,0.0,True
WTD-1688441927-1.wav,WTD,88.004486,0.878183,88.882669,16.723714,0.802011,17.525725,12.290636,19.582662,31.873298,8.881784197001252e-16,True
GW-1687857100-2.wav,GW,87.199346,0.80923,88.008576,14.997409,0.605733,15.603142,12.530485,20.221636,32.752121,0.0,True
C-1688165872-2.wav,C,86.656196,0.851392,87.507588,15.663634,0.856572,16.520206,12.315827,20.091571,32.407398,4.440892098500626e-16,True
C-1688335114-1.wav,C,85.921258,0.858902,86.78016,14.459949,0.511699,14.971648,12.459392,20.219477,32.678869,4.440892098500626e-16,True
BB-1687980515-1.wav,BB,86.441558,0.870683,87.312241,15.769838,0.782309,16.552147,12.265415,19.78521,32.050625,8.881784197001252e-16,True
GW-1687943023-2.wav,GW,85.798783,0.842512,86.641295,13.936908,0.52435,14.461258,12.712762,20.382803,33.095565,8.881784197001252e-16,True
GW-1687824946-4.wav,GW,86.850732,0.859693,87.71042499999999,15.357232,0.79219,16.149422,12.285106,20.112293,32.397399,4.440892098500626e-16,True
BB-1688059067-1.wav,BB,86.301462,0.851142,87.152604,15.218487,0.487749,15.706236,12.475893,19.928305,32.404198,8.881784197001252e-16,True
GW-1687944045-1.wav,GW,88.286118,0.850632,89.13675,16.569628,0.883223,17.452851000000003,12.432892,20.015868,32.44876,0.0,True
GW-1687961410-3.wav,GW,85.883946,0.847872,86.73181799999999,13.864876,0.499149,14.364025,12.518625,20.411784,32.930409,2.220446049250313e-16,True
BB-1687982732-2.wav,BB,86.612064,0.874913,87.48697700000001,15.658664,0.78621,16.444874,12.41044,19.981618,32.392058,8.881784197001252e-16,True
WTD-1688426894-4.wav,WTD,87.608361,0.863303,88.471664,15.606112,0.575482,16.181594,12.543145,20.146564,32.689709,8.881784197001252e-16,True
WTD-1688397220-1.wav,WTD,88.017807,0.842882,88.86068900000001,16.928252,0.858263,17.786515,12.316327,19.860473,32.1768,8.881784197001252e-16,True
BB-1688114513-1.wav,BB,86.427887,0.859562,87.287449,15.195447,0.498488,15.693935,12.426021,19.771339,32.19736,8.881784197001252e-16,True
C-1688264626-1.wav,C,86.104234,0.869513,86.973747,14.796541,0.801881,15.598422,12.435982,20.007168,32.44315,4.440892098500626e-16,True
GW-1687902019-2.wav,GW,87.194456,0.854353,88.048809,15.525538,0.493099,16.018637,12.468863,20.093912,32.562775,8.881784197001252e-16,True
WTD-1688403578-2.wav,WTD,85.698149,0.886253,86.584402,15.005969,0.779359,15.785328,12.324457,20.284959,32.609416,2.220446049250313e-16,True
C-1688242232-1.wav,C,87.892933,0.886933,88.779866,16.606759,0.628214,17.234973,12.421861,19.905755,32.327616,8.881784197001252e-16,True
GW-1687963621-3.wav,GW,90.013693,0.836652,90.850345,15.605472,0.820991,16.426463000000002,12.356269,20.170645,32.526914,8.881784197001252e-16,True
C-1688328634-1.wav,C,86.492169,0.888414,87.380583,14.539481,0.627894,15.167375,12.367279,20.226466,32.593745,4.440892098500626e-16,True
C-1688162907-2.wav,C,89.118539,0.808231,89.92677,15.56977,0.807501,16.377271,12.370869,20.337781,32.70865,4.440892098500626e-16,True
GW-1687816774-1.wav,GW,88.611949,0.808291,89.42023999999999,14.738439,0.518969,15.257408,12.733702,20.460986,33.194688,0.0,True
BB-1687988702-1.wav,BB,86.332903,0.897354,87.230257,15.324611,0.79774,16.122351000000002,12.512154,20.198446,32.7106,4.440892098500626e-16,True
C-1688296920-1.wav,C,86.530951,0.825512,87.356463,14.407497,0.599373,15.00687,12.344058,19.997118,32.341176000000004,4.440892098500626e-16,True
GW-1687946319-2.wav,GW,86.00052,0.887384,86.88790399999999,15.090172,0.817321,15.907493,12.266075,20.278399,32.544474,8.881784197001252e-16,True
WTD-1688460898-1.wav,WTD,86.102905,0.893964,86.996869,13.790333,0.618783,14.409116000000001,12.422521,20.412974,32.835494999999995,2.220446049250313e-16,True
BB-1688050158-2.wav,BB,86.601943,0.890154,87.492097,14.51501,0.816821,15.331831000000001,12.318178,20.009618,32.327796,2.220446049250313e-16,True
WTD-1688543362-1.wav,WTD,88.282277,0.803031,89.085308,16.420402,0.595143,17.015545,12.308586,19.758539,32.067125,0.0,True
C-1688323435-1.wav,C,87.808529,0.869473,88.67800199999999,17.342298,0.890083,18.232381,12.383379,20.058661,32.44204,8.881784197001252e-16,True
GW-1687822572-1.wav,GW,86.709067,0.844392,87.553459,15.351182,0.499209,15.850391,12.41815,20.138214,32.556364,0.0,True
GW-1687879049-2.wav,GW,85.825664,0.856062,86.681726,14.51478,0.804491,15.319271,12.332898,20.189395,32.522293000000005,0.0,True
C-1688191343-2.wav,C,85.655998,0.7832,86.43919799999999,13.521222,0.499299,14.020521,12.471363,20.58416,33.055523,0.0,True
BB-1688045907-1.wav,BB,86.857833,0.856763,87.714596,16.434813,0.882663,17.317476,12.441682,19.675206,32.116888,8.881784197001252e-16,True
WTD-1688392382-1.wav,WTD,85.893266,0.842032,86.735298,14.399777,0.501319,14.901096,12.388229,19.974728,32.362957,4.440892098500626e-16,True
BB-1688050218-1.wav,BB,85.754151,0.841782,86.59593299999999,16.507976,0.8027,17.310676,12.359579,19.575632,31.935211,1.3322676295501878e-15,True
C-1688332663-1.wav,C,86.314113,0.859472,87.173585,14.75622,0.492819,15.249039000000002,12.37043,20.143933,32.514363,0.0,True
BB-1688050218-4.wav,BB,86.2456,0.860502,87.10610199999999,16.236145,0.805261,17.041406000000002,12.355989,20.005348,32.361337,8.881784197001252e-16,True
BB-1687973067-2.wav,BB,85.378257,0.846332,86.22458900000001,13.636387,0.497548,14.133935,12.4018,20.383893,32.785693,2.220446049250313e-16,True
GW-1687798403-1.wav,GW,85.418468,0.861943,86.280411,14.485479,0.78845,15.273928999999999,12.40083,20.05873,32.459559999999996,2.220446049250313e-16,True
GW-1687825261-2.wav,GW,86.099744,0.848593,86.948337,14.365254,0.487719,14.852973,12.40507,20.319491,32.724561,4.440892098500626e-16,True
GW-1687823104-1.wav,GW,86.405696,0.858612,87.264308,15.534849,0.807851,16.3427,12.352358,19.873944,32.226302000000004,8.881784197001252e-16,True
GW-1687798976-1.wav,GW,88.35926,0.789899,89.14915900000001,14.985888,0.510159,15.496046999999999,12.729503,20.607361,33.336864,0.0,True
GW-1687943199-1.wav,GW,88.191443,0.854973,89.04641600000001,16.61174,0.823101,17.434841000000002,12.802206,20.280879,33.083085,0.0,True
GW-1687855736-1.wav,GW,87.541649,0.785779,88.32742800000001,13.400508,0.489299,13.889807000000001,12.289476,20.071271,32.360747,2.220446049250313e-16,True
GW-1687856726-1.wav,GW,86.906415,0.850432,87.756847,17.088908,0.870173,17.959081,12.213684,19.295501,31.509185000000002,4.440892098500626e-16,True
GW-1687818502-1.wav,GW,85.627536,0.858803,86.486339,14.132966,0.493789,14.626755,12.347428,20.246467,32.593895,4.440892098500626e-16,True
BB-1688038350-2.wav,BB,86.825152,0.859253,87.684405,15.280339,0.78785,16.068189,12.370308,19.861873,32.232181,0.0,True
BB-1688119016-3.wav,BB,86.51705,0.890353,87.407403,13.974809,0.624224,14.599033,12.429392,20.501007,32.930399,0.0,True
C-1688257677-1.wav,C,86.017611,0.887904,86.90551500000001,15.735717,0.79783,16.533547,12.307837,19.935706,32.243543,0.0,True
GW-1687824180-1.wav,GW,85.252232,0.861413,86.113645,13.832564,0.490809,14.323373,12.319927,20.078041,32.397968,2.220446049250313e-16,True
GW-1687855292-1.wav,GW,86.211639,0.857052,87.068691,15.880212,0.891374,16.771586,12.333947,20.02517,32.359117,0.0,True
C-1688336531-1.wav,C,85.953889,0.860923,86.814812,14.160537,0.505159,14.665696,12.217584,20.348211,32.565795,2.220446049250313e-16,True
BB-1688027820-1.wav,BB,86.693197,0.855702,87.54889899999999,15.425725,0.885474,16.311199,12.415631,19.871653,32.287284,0.0,True
GW-1687853963-1.wav,GW,86.23819,0.856662,87.094852,15.119864,0.512429,15.632293,12.280116,20.025409,32.305525,0.0,True
C-1688263077-1.wav,C,87.03804,0.874203,87.91224299999999,15.465187,0.872043,16.33723,12.4078,19.931006,32.338806,4.440892098500626e-16,True
GW-1687853246-2.wav,GW,86.787071,0.863822,87.650893,15.008129,0.50379,15.511919,12.304896,20.134623,32.439519000000004,0.0,True
WTD-1688527862-2.wav,WTD,86.468348,0.893684,87.362032,15.967215,0.79886,16.766075,12.39799,20.095992,32.493982,0.0,True
WTD-1688466107-1.wav,WTD,85.581034,0.795021,86.37605500000001,14.077994,0.488168,14.566162,12.196112,20.190626,32.386738,0.0,True
WTD-1688405067-2.wav,WTD,87.29813,0.876163,88.174293,17.236683,0.808851,18.045534,12.284016,19.709177,31.993192999999998,0.0,True
WTD-1688482303-1.wav,WTD,85.426559,0.855472,86.282031,13.803373,0.505329,14.308702,12.251835,20.336671,32.588505999999995,4.440892098500626e-16,True
BB-1687987451-1.wav,BB,87.947534,0.824522,88.772056,17.229533,0.870803,18.100336,12.362038,19.609044,31.971082000000003,1.3322676295501878e-15,True
BB-1688071493-2.wav,BB,86.079233,0.876193,86.955426,14.606454,0.633574,15.240027999999999,12.328777,20.434345,32.763122,4.440892098500626e-16,True
GW-1687942045-1.wav,GW,86.381775,0.855943,87.237718,14.689237,0.820471,15.509708,12.294946,19.912495,32.207441,4.440892098500626e-16,True
WTD-1688397464-1.wav,WTD,87.152764,0.847622,88.000386,15.680015,0.500929,16.180944,12.744023,21.339219,34.083242,8.881784197001252e-16,True
GW-1687816774-2.wav,GW,87.440205,0.854743,88.294948,14.922346,0.807621,15.729966999999998,13.313135,20.943854,34.256989000000004,4.440892098500626e-16,True
GW-1687849944-2.wav,GW,87.414005,0.79532,88.209325,14.551712,0.522329,15.074041000000001,12.281936,20.225987,32.507923,4.440892098500626e-16,True
GW-1687825291-1.wav,GW,86.099214,0.861143,86.960357,15.56533,0.811421,16.376751,12.779615,20.620922,33.400537,4.440892098500626e-16,True
GW-1687939342-1.wav,GW,87.56787,0.819191,88.387061,15.472717,0.609943,16.08266,12.254895,19.776309,32.031204,8.881784197001252e-16,True
GW-1687942228-4.wav,GW,86.472448,0.853002,87.32545,14.694507,0.873913,15.56842,12.230044,20.182016,32.41206,2.220446049250313e-16,True
C-1688256758-1.wav,C,86.611024,0.854932,87.465956,14.576553,0.497859,15.074412,12.200463,20.354062,32.554525,8.881784197001252e-16,True
C-1688235621-2.wav,C,87.940265,0.855682,88.795947,17.919449,0.80406,18.723509,12.289136,19.575432,31.864568,0.0,True
GW-1687902242-1.wav,GW,85.863305,0.859423,86.722728,14.207659,0.492199,14.699857999999999,12.301116,20.199336,32.500451999999996,4.440892098500626e-16,True
GW-1687942228-2.wav,GW,87.233837,0.880354,88.11419099999999,15.901393,0.801711,16.703104,12.359649,19.760099,32.119748,8.881784197001252e-16,True
GW-1687819567-2.wav,GW,88.807897,0.845742,89.653639,17.376229,0.493638,17.869867,12.217864,20.077931,32.295795,0.0,True
BB-1688050009-5.wav,BB,86.114715,0.859712,86.974427,15.230627,0.807241,16.037868,12.364919,19.921076,32.285995,0.0,True
GW-1687854720-1.wav,GW,86.529451,0.854053,87.38350399999999,15.419304,0.500649,15.919953,12.209623,19.792761,32.002384,8.881784197001252e-16,True
BB-1687988702-4.wav,BB,85.797743,0.850222,86.647965,15.476097,0.803571,16.279668,12.327698,19.992998,32.320696,8.881784197001252e-16,True
GW-1687939657-1.wav,GW,86.25358,0.848002,87.101582,14.26518,0.50594,14.771120000000002,12.294226,20.232537,32.526763,0.0,True
GW-1687854720-2.wav,GW,86.388045,0.859943,87.247988,14.851073,0.875313,15.726386,12.434922,20.058261,32.493183,4.440892098500626e-16,True
BB-1688049726-1.wav,BB,85.72614,0.78649,86.51263,14.067933,0.497609,14.565542,12.179852,20.071921,32.251773,0.0,True
BB-1688050085-3.wav,BB,86.712727,0.858753,87.57148,16.120572,0.871853,16.992425,12.267195,20.053591,32.320786,0.0,True
GW-1687798341-1.wav,GW,86.460708,0.884243,87.344951,14.298222,0.602062,14.900284000000001,12.235134,20.218197,32.453331,4.440892098500626e-16,True
GW-1687849710-4.wav,GW,86.726738,0.848522,87.57526,16.005967,0.884014,16.889981,12.331137,19.974358,32.305495,0.0,True
C-1688191017-1.wav,C,85.911857,0.870023,86.78188,13.688549,0.617054,14.305603,12.159911,20.208426,32.368337,0.0,True
BB-1688120074-1.wav,BB,85.501361,0.897315,86.39867600000001,15.416825,0.809571,16.226396,12.289735,20.03189,32.321625,8.881784197001252e-16,True
BB-1687972774-1.wav,BB,87.04473,0.863852,87.908582,15.04907,0.543981,15.593051,12.14691,19.946797,32.093707,8.881784197001252e-16,True
GW-1687817713-1.wav,GW,92.04871,0.79923,92.84794,14.724529,0.819751,15.54428,12.416661,20.230347,32.647008,2.220446049250313e-16,True
C-1688353184-1.wav,C,88.61012,0.876333,89.486453,14.341134,0.52128,14.862414000000001,12.481623,20.813079,33.294702,4.440892098500626e-16,True
WTD-1688470558-2.wav,WTD,87.29763,0.896684,88.19431399999999,16.410872,0.801401,17.212273,12.578917,19.642065,32.220982,0.0,True
BB-1687982732-1.wav,BB,86.723318,0.858732,87.58205000000001,14.968178,0.493969,15.462147,12.14175,20.077781,32.219531,0.0,True
C-1688264580-2.wav,C,86.477008,0.850213,87.327221,15.363983,0.79275,16.156733,12.256894,19.794421,32.051315,4.440892098500626e-16,True
BB-1688038923-1.wav,BB,87.894442,0.816461,88.710903,15.453216,0.600173,16.053389,12.13296,19.675506,31.808466,8.881784197001252e-16,True
C-1688325307-1.wav,C,88.824658,0.854553,89.679211,18.584665,0.81087,19.395535000000002,12.319637,19.602783,31.92242,4.440892098500626e-16,True
WTD-1688557500-1.wav,WTD,86.878703,0.856903,87.735606,15.190376,0.501939,15.692315,12.097978,19.857333,31.955311000000002,0.0,True
BB-1688119701-2.wav,BB,86.019541,0.808741,86.828282,15.132244,0.811141,15.943385,12.294956,19.860973,32.155929,0.0,True
BB-1688037375-1.wav,BB,87.782358,0.869323,88.651681,16.35806,0.623974,16.982034,12.222323,19.878724,32.101046999999994,4.440892098500626e-16,True
WTD-1688457848-1.wav,WTD,86.498959,0.877233,87.376192,14.985218,0.80673,15.791948,12.413871,20.06414,32.478010999999995,4.440892098500626e-16,True
BB-1688070135-1.wav,BB,87.190915,0.857173,88.048088,14.928866,0.499069,15.427935,12.216933,20.062981,32.279914,4.440892098500626e-16,True
C-1688241297-1.wav,C,86.186388,0.854622,87.04101,14.822822,0.865233,15.688055,12.322247,20.060341,32.382588,2.220446049250313e-16,True
GW-1687942717-1.wav,GW,85.576295,0.869723,86.446018,14.138856,0.499559,14.638415,12.193522,20.151144,32.344666,4.440892098500626e-16,True
C-1688339595-1.wav,C,86.280831,0.873703,87.15453400000001,15.228737,0.809471,16.038208,12.288416,19.640415,31.928831000000002,8.881784197001252e-16,True
WTD-1688545865-1.wav,WTD,86.558402,0.814081,87.372483,14.368115,0.609253,14.977368,12.15007,19.874944,32.025014,0.0,True
BB-1688049062-1.wav,BB,86.24074,0.886003,87.126743,14.701128,0.871433,15.572561,12.176782,20.064391,32.241173,0.0,True
GW-1687943751-2.wav,GW,86.090124,0.79939,86.889514,13.549994,0.495909,14.045903,12.082438,20.091202,32.17364,2.220446049250313e-16,True
BB-1688051095-2.wav,BB,86.378735,0.868223,87.246958,15.195947,0.855142,16.051089,12.248914,19.695857,31.944771,4.440892098500626e-16,True
GW-1687856528-1.wav,GW,87.331721,0.844602,88.176323,15.169195,0.510999,15.680194,12.137251,20.014979,32.15223,4.440892098500626e-16,True
C-1688369608-1.wav,C,87.29151,0.867393,88.15890300000001,16.412312,0.80595,17.218262,12.348848,19.702487,32.051335,4.440892098500626e-16,True
GW-1687855486-1.wav,GW,86.315342,0.870443,87.185785,13.956338,0.624534,14.580872000000001,12.211253,20.334911,32.546164000000005,4.440892098500626e-16,True
GW-1687942406-2.wav,GW,87.713045,0.802511,88.51555599999999,15.27985,0.79445,16.0743,12.405431,19.638134,32.043565,0.0,True
GW-1687849440-2.wav,GW,93.595018,0.870463,94.465481,15.590872,0.562211,16.153083,12.611988,20.550729,33.162717,4.440892098500626e-16,True
GW-1687947669-1.wav,GW,88.679192,0.79215,89.471342,15.642433,0.830181,16.472614,12.649349,20.469766,33.119115,0.0,True
BB-1687982070-4.wav,BB,89.202181,0.859563,90.06174399999999,15.372123,0.507589,15.879712,12.482664,20.098812,32.581475999999995,8.881784197001252e-16,True
BB-1688058109-2.wav,BB,86.119065,0.881104,87.000169,14.722758,0.79599,15.518748,12.285546,19.77685,32.062396,0.0,True
BB-1688050052-5.wav,BB,88.174993,0.892074,89.067067,16.162943,0.608963,16.771905999999998,12.210423,19.979217,32.18964,0.0,True
C-1688322137-1.wav,C,86.937416,0.818571,87.755987,15.661333,0.862803,16.524136000000002,12.290556,19.621193,31.911749,4.440892098500626e-16,True
GW-1687815981-1.wav,GW,86.224009,0.881004,87.105013,15.072381,0.631184,15.703565,12.220394,19.79021,32.010604,4.440892098500626e-16,True
WTD-1688457848-4.wav,WTD,86.854873,0.850483,87.705356,15.884702,0.811491,16.696193,12.334298,19.618034,31.952332000000002,8.881784197001252e-16,True
BB-1688116312-2.wav,BB,86.480548,0.855233,87.335781,14.25598,0.495769,14.751748999999998,12.12709,20.149944,32.277034,4.440892098500626e-16,True
WTD-1688522725-2.wav,WTD,86.728508,0.807481,87.535989,14.831472,0.815071,15.646543,12.306007,19.750819,32.056826,4.440892098500626e-16,True
C-1688333443-1.wav,C,85.96867,0.878893,86.84756300000001,14.383465,0.631704,15.015169,12.12729,19.947216,32.074506,0.0,True
WTD-1688557805-3.wav,WTD,87.259379,0.887434,88.146813,16.280827,0.853872,17.134698999999998,12.224583,19.836782,32.061365,1.7763568394002505e-15,True
WTD-1688487755-1.wav,WTD,85.787572,0.79025,86.577822,13.496552,0.493158,13.989709999999999,12.049387,19.862683,31.91207,4.440892098500626e-16,True
BB-1688049553-2.wav,BB,85.832435,0.882483,86.714918,15.586081,0.80827,16.394351,12.280046,19.885524,32.16557,8.881784197001252e-16,True
BB-1688049683-2.wav,BB,86.386605,0.891274,87.277879,13.882007,0.620883,14.502889999999999,12.100709,20.083341,32.18405,2.220446049250313e-16,True
BB-1687973067-4.wav,BB,88.195464,0.884313,89.079777,16.647001,0.872953,17.519954,12.250264,19.660515,31.910778999999998,0.0,True
GW-1687937475-1.wav,GW,87.787789,0.878583,88.66637200000001,15.672745,0.621123,16.293868,12.13747,19.908985,32.046455,4.440892098500626e-16,True
C-1688277670-2.wav,C,86.422067,0.885204,87.307271,14.50022,0.854673,15.354893,12.295017,19.656885,31.951901999999997,4.440892098500626e-16,True
WTD-1688523791-1.wav,WTD,88.041368,0.882243,88.92361100000001,15.911473,0.625514,16.536987,12.158711,19.940016,32.098727,0.0,True
GW-1687849924-4.wav,GW,85.328825,0.946886,86.275711,14.433657,0.804521,15.238178,12.249684,19.792491,32.042175,2.220446049250313e-16,True
C-1688259820-1.wav,C,87.605851,0.880964,88.486815,15.28883,0.555481,15.844311000000001,12.127229,19.892395,32.019624,8.881784197001252e-16,True
BB-1688116917-1.wav,BB,87.685434,0.881414,88.56684800000001,16.60953,0.78545,17.39498,12.279725,19.056283,31.336008,4.440892098500626e-16,True
WTD-1688471104-2.wav,WTD,89.917949,0.886793,90.80474199999999,18.203111,0.663355,18.866466,12.566266,20.914503,33.480769,8.881784197001252e-16,True
GW-1687942756-1.wav,GW,89.577726,0.828771,90.406497,16.700223,0.821891,17.522114000000002,13.294104,20.8218,34.115904,0.0,True
GW-1687854538-2.wav,GW,86.297352,0.874653,87.172005,14.591754,0.624993,15.216747,12.204643,19.921445,32.126087999999996,0.0,True
GW-1687818150-1.wav,GW,86.467488,0.865952,87.33344,14.921585,0.847132,15.768717,12.346618,19.660025,32.006643,4.440892098500626e-16,True
GW-1687967717-1.wav,GW,86.723837,0.884294,87.608131,14.420107,0.584172,15.004279,12.155391,20.022279,32.17767,0.0,True
BB-1688045502-1.wav,BB,88.421232,0.817711,89.238943,17.443321,0.814201,18.257522,12.38068,19.502699,31.883378999999998,1.7763568394002505e-15,True
GW-1687819027-1.wav,GW,85.976789,0.885733,86.862522,14.689467,0.641984,15.331451000000001,12.160101,20.320481,32.480582,4.440892098500626e-16,True
GW-1687942485-4.wav,GW,86.959107,0.888314,87.847421,15.177825,0.803621,15.981446,12.425441,19.612514,32.037955,4.440892098500626e-16,True
BB-1688056487-1.wav,BB,86.996798,0.885834,87.882632,15.075271,0.627394,15.702665000000001,12.163121,19.792221,31.955342,4.440892098500626e-16,True
GW-1687941247-4.wav,GW,86.873774,0.850242,87.72401599999999,15.888212,0.887674,16.775886,12.213453,19.922785,32.136238,8.881784197001252e-16,True
BB-1688049095-1.wav,BB,86.661825,0.884374,87.54619899999999,14.213169,0.625004,14.838173000000001,12.247074,20.119033,32.366107,4.440892098500626e-16,True
WTD-1688497038-1.wav,WTD,86.661606,0.851742,87.51334800000001,15.326641,0.864383,16.191024,12.199633,20.004739,32.204372,4.440892098500626e-16,True
GW-1687818943-2.wav,GW,86.180548,0.877123,87.057671,13.632947,0.635524,14.268471,12.182782,20.124643,32.307424999999995,0.0,True
BB-1688056165-1.wav,BB,88.188943,0.820811,89.009754,17.302146,0.80535,18.107496,12.325178,19.198207,31.523384999999998,4.440892098500626e-16,True
GW-1687819536-1.wav,GW,87.325051,0.896254,88.221305,15.075012,0.653214,15.728226,12.250505,20.0411,32.291605000000004,4.440892098500626e-16,True
C-1688255095-1.wav,C,86.556701,0.881534,87.438235,14.992408,0.80105,15.793458,12.184032,19.689206,31.873238,0.0,True
C-1688332946-1.wav,C,87.266348,0.867483,88.13383099999999,15.231607,0.509719,15.741326,12.164112,20.447865,32.611976999999996,4.440892098500626e-16,True
C-1688163972-2.wav,C,85.834634,0.890303,86.724937,14.262621,0.778139,15.040759999999999,12.277305,19.641175,31.918480000000002,0.0,True
BB-1688031454-1.wav,BB,86.913825,0.882953,87.796778,14.862234,0.647815,15.510049,12.171412,19.828512,31.999924,4.440892098500626e-16,True
GW-1687854857-1.wav,GW,88.322389,0.869643,89.192032,17.504843,0.874183,18.379026,12.259655,19.212568,31.472223,8.881784197001252e-16,True
BB-1688049683-1.wav,BB,86.743619,0.823151,87.56676999999999,14.942087,0.596172,15.538259,12.182282,19.963587,32.145869000000005,4.440892098500626e-16,True
C-1688233896-1.wav,C,87.998666,0.889894,88.88856,17.043376,0.810761,17.854136999999998,12.288516,19.304021,31.592537,8.881784197001252e-16,True
C-1688344363-1.wav,C,86.385605,0.857503,87.24310799999999,14.294562,0.507559,14.802121000000001,12.148381,20.039419,32.187799999999996,4.440892098500626e-16,True
GW-1687964232-1.wav,GW,92.8491,0.827462,93.676562,16.144982,0.832812,16.977794,12.381489,20.03471,32.416199,0.0,True
C-1688344511-1.wav,C,87.56667,0.855782,88.422452,14.557172,0.51473,15.071902,12.212273,19.973257,32.18553,4.440892098500626e-16,True
C-1688339716-1.wav,C,86.194068,0.866012,87.06008,14.893195,0.886393,15.779588,12.214183,19.919565,32.133748,2.220446049250313e-16,True
GW-1687946787-1.wav,GW,87.014729,0.885264,87.89999300000001,14.75864,0.631443,15.390083,12.182012,19.964477,32.146489,8.881784197001252e-16,True
BB-1688124690-1.wav,BB,85.98019,0.884723,86.86491299999999,14.811752,0.80071,15.612462,12.299497,19.676086,31.975583,0.0,True
GW-1687851181-1.wav,GW,85.882956,0.849172,86.73212799999999,13.44546,0.507729,13.953189,12.059247,20.092482,32.151729,2.220446049250313e-16,True
BB-1688063754-3.wav,BB,87.838071,0.893704,88.731775,16.33622,0.842642,17.178862000000002,12.239974,19.532871,31.772845,0.0,True
BB-1688116342-1.wav,BB,86.895434,0.850062,87.74549599999999,14.908055,0.498439,15.406493999999999,12.081368,20.011228,32.092596,4.440892098500626e-16,True
BB-1688054461-2.wav,BB,86.294591,0.846913,87.141504,14.439037,0.877074,15.316111000000001,12.215024,20.070371,32.285395,1.1102230246251565e-16,True
C-1688329727-1.wav,C,86.451577,0.883034,87.334611,13.783163,0.638834,14.421997,12.162631,20.299939,32.46257,0.0,True
GW-1687946319-1.wav,GW,86.373115,0.885804,87.25891899999999,15.059311,0.80339,15.862701,12.280815,19.51763,31.798445,4.440892098500626e-16,True
WTD-1688543845-2.wav,WTD,86.749589,0.861242,87.610831,13.878097,0.512579,14.390676000000001,12.182762,19.923375,32.106137000000004,2.220446049250313e-16,True
WTD-1688472541-1.wav,WTD,85.912258,0.852812,86.76507,15.416305,0.81165,16.227954999999998,12.295356,19.788441,32.083797,4.440892098500626e-16,True
BB-1688119991-1.wav,BB,87.327231,0.885284,88.212515,15.658184,0.612413,16.270597,12.150721,19.845573,31.996294000000002,1.7763568394002505e-15,True
C-1688334105-1.wav,C,86.750429,0.889543,87.639972,15.219067,0.799701,16.018768,12.218663,19.691347,31.91001,4.440892098500626e-16,True
C-1688333532-1.wav,C,88.748494,0.910945,89.65943899999999,14.75308,0.601742,15.354822,12.087328,20.02804,32.115368000000004,4.440892098500626e-16,True
C-1688240572-1.wav,C,87.582521,0.885643,88.468164,16.483305,0.79999,17.283295000000003,12.305226,19.543892,31.849117999999997,0.0,True
BB-1688049587-6.wav,BB,87.259629,0.893814,88.15344300000001,15.31189,0.638215,15.950105,12.160671,20.039609,32.20028,8.881784197001252e-16,True
GW-1687852144-1.wav,GW,86.76555,0.891373,87.656923,15.287529,0.865913,16.153442,12.297806,19.658415,31.956221,0.0,True
GW-1687817188-1.wav,GW,86.459398,0.855152,87.31455,13.944309,0.506869,14.451178,12.14305,20.04989,32.19294,0.0,True
C-1688334091-1.wav,C,86.429166,0.889954,87.31912,14.896135,0.80849,15.704625,12.199083,19.672676,31.871758999999997,4.440892098500626e-16,True
BB-1688119701-1.wav,BB,86.843383,0.885633,87.729016,15.069091,0.639704,15.708795,12.214203,19.872624,32.086827,8.881784197001252e-16,True
GW-1687860306-1.wav,GW,89.96342,0.807811,90.771231,15.500828,0.845432,16.34626,12.345728,19.76787,32.113597999999996,0.0,True
BB-1687973102-1.wav,BB,92.988056,0.850322,93.838378,15.094722,0.52523,15.619952000000001,12.515545,20.563239,33.078784,0.0,True
GW-1687848989-1.wav,GW,85.675779,0.849652,86.52543100000001,14.612184,0.79952,15.411703999999999,12.361669,19.950487,32.312156,4.440892098500626e-16,True
WTD-1688496974-1.wav,WTD,86.279221,0.852392,87.131613,14.550142,0.502409,15.052551,12.158971,20.154794,32.313765,0.0,True
BB-1688118884-3.wav,BB,86.349194,0.890504,87.239698,14.834433,0.79855,15.632983000000001,12.280966,19.574412,31.855377999999998,4.440892098500626e-16,True
GW-1687893975-1.wav,GW,87.196946,0.8045,88.001446,15.397304,0.591623,15.988927,12.105108,19.749499,31.854607,0.0,True
BB-1688049897-3.wav,BB,87.968375,0.885984,88.85435899999999,16.818248,0.874933,17.693181,12.234224,19.805001,32.039225,8.881784197001252e-16,True
BB-1688033694-1.wav,BB,88.10401,0.858173,88.962183,16.451114,0.513889,16.965003,12.149161,19.752999,31.90216,0.0,True
GW-1687961125-1.wav,GW,87.345951,0.869553,88.215504,16.162623,0.848812,17.011435,12.288116,19.586483,31.874599000000003,8.881784197001252e-16,True
GW-1687937354-1.wav,GW,87.727916,0.887764,88.61568,15.912014,0.588372,16.500386,12.177841,19.642925,31.820766000000003,4.440892098500626e-16,True
GW-1687902242-2.wav,GW,86.406726,0.852763,87.259489,15.255059,0.80714,16.062199,12.235404,19.766339,32.001743,4.440892098500626e-16,True
BB-1688049930-3.wav,BB,86.903825,0.850982,87.754807,14.993738,0.51865,15.512388000000001,12.154341,19.891034,32.045375,0.0,True
GW-1687854610-1.wav,GW,86.707327,0.852112,87.55943900000001,16.103621,0.884193,16.987814,12.219133,19.570092,31.789225,0.0,True
GW-1687817900-1.wav,GW,86.310713,0.866452,87.177165,13.71237,0.632444,14.344814,12.175152,20.211746,32.386898,0.0,True
BB-1688037179-1.wav,BB,86.200698,0.848202,87.0489,15.593501,0.814261,16.407761999999998,12.281506,19.700557,31.982063,0.0,True
BB-1687973067-1.wav,BB,86.987118,0.852682,87.8398,14.630285,0.508099,15.138384,12.164632,20.06767,32.232302,4.440892098500626e-16,True
BB-1688041540-1.wav,BB,86.2508,0.850512,87.101312,15.381533,0.805991,16.187524,12.235384,19.303492,31.538876,8.881784197001252e-16,True
BB-1688050009-2.wav,BB,86.353514,0.876483,87.229997,14.346834,0.626604,14.973438,12.180102,20.191166,32.371268,4.440892098500626e-16,True
WTD-1688449549-1.wav,WTD,87.269488,0.896904,88.166392,16.35689,0.780549,17.137439,12.263485,19.425956,31.689441,8.881784197001252e-16,True
GW-1687963621-1.wav,GW,88.748115,0.853693,89.601808,16.710413,0.51487,17.225282999999997,12.200642,19.713288,31.91393,8.881784197001252e-16,True
C-1688324054-1.wav,C,86.791181,0.879533,87.67071399999999,16.017817,0.810081,16.827898,12.264995,19.720588,31.985583,0.0,True
GW-1687857802-2.wav,GW,86.047082,0.855623,86.902705,13.613546,0.503709,14.117255,12.208733,20.156404,32.365137,6.661338147750939e-16,True
GW-1687816310-1.wav,GW,88.676792,0.815851,89.492643,15.161955,0.805501,15.967456,12.318837,19.685626,32.004463,0.0,True
C-1688329386-1.wav,C,91.152666,0.850362,92.003028,17.073187,0.683466,17.756653,12.700681,20.152954,32.853635,8.881784197001252e-16,True
C-1688195595-1.wav,C,89.504624,0.850722,90.35534600000001,17.890319,0.883403,18.773722000000003,12.567547,19.894524,32.462071,8.881784197001252e-16,True
BB-1687972936-1.wav,BB,86.733119,0.79818,87.531299,14.695217,0.501589,15.196805999999999,12.210783,19.632275,31.843058,1.3322676295501878e-15,True
GW-1687798441-1.wav,GW,86.613444,0.866583,87.480027,15.350082,0.854772,16.204854,12.217614,19.79964,32.017254,4.440892098500626e-16,True
WTD-1688457553-1.wav,WTD,87.530489,0.859522,88.390011,15.916864,0.508539,16.425403,12.13492,19.541581,31.676501000000002,1.7763568394002505e-15,True
WTD-1688488265-1.wav,WTD,87.719136,0.851582,88.570718,16.800186,0.801061,17.601247,12.301147,19.363484,31.664631,8.881784197001252e-16,True
C-1688242190-1.wav,C,87.065921,0.874863,87.94078400000001,14.805372,0.633484,15.438856,12.219233,19.959307,32.17854,4.440892098500626e-16,True
GW-1687942182-1.wav,GW,87.088462,0.865603,87.954065,15.939795,0.817441,16.757236,12.299726,19.536111,31.835836999999998,8.881784197001252e-16,True
BB-1688052884-2.wav,BB,87.0532,0.885283,87.938483,14.646275,0.631104,15.277379,12.206653,20.094181,32.300833999999995,4.440892098500626e-16,True
GW-1687814334-3.wav,GW,86.195958,0.860853,87.05681100000001,14.396895,0.809601,15.206496000000001,12.227734,19.969497,32.197231,2.220446049250313e-16,True
GW-1687847019-1.wav,GW,86.296562,0.858872,87.155434,13.869276,0.509029,14.378305,12.219573,20.016739,32.236312,0.0,True
C-1688264580-1.wav,C,87.616912,0.897644,88.514556,16.469605,0.810761,17.280366,12.344378,19.362254,31.706632,8.881784197001252e-16,True
BB-1688113336-1.wav,BB,87.117803,0.8067,87.924503,15.393493,0.601673,15.995166,12.158191,19.631924,31.790115,0.0,True
WTD-1688396890-2.wav,WTD,86.186368,0.846212,87.03258,15.955316,0.80466,16.759975999999998,12.344539,19.7947,32.139238999999996,4.440892098500626e-16,True
GW-1687946298-2.wav,GW,86.330873,0.879923,87.210796,14.147877,0.636004,14.783881,12.216133,20.006178,32.222311,4.440892098500626e-16,True
BB-1688054461-1.wav,BB,86.544781,0.855822,87.400603,16.054198,0.877094,16.931292,12.325018,19.634464,31.959482,8.881784197001252e-16,True
GW-1687798034-1.wav,GW,86.894645,0.883003,87.777648,15.247667,0.627174,15.874841,12.218233,20.121423,32.339656,8.881784197001252e-16,True
C-1688323841-1.wav,C,87.067141,0.861643,87.92878400000001,16.167053,0.831112,16.998165,12.289266,19.488609,31.777875,4.440892098500626e-16,True
WTD-1688523807-1.wav,WTD,86.084283,0.859043,86.943326,14.005861,0.504249,14.51011,12.172262,20.261098,32.43336,4.440892098500626e-16,True
GW-1687943199-3.wav,GW,86.551571,0.892284,87.443855,14.667516,0.877303,15.544819,12.236954,19.883524,32.120478000000006,0.0,True
C-1688158468-1.wav,C,86.871494,0.887793,87.759287,14.480429,0.651005,15.131434,12.213933,20.208366,32.422299,0.0,True
BB-1688040151-1.wav,BB,87.503837,0.839692,88.343529,15.842231,0.866262,16.708493,12.331197,19.531971,31.863167999999998,4.440892098500626e-16,True
GW-1687816792-1.wav,GW,89.013845,0.881273,89.895118,14.209819,0.637254,14.847073,12.206643,20.154994,32.361637,4.440892098500626e-16,True
C-1688240851-1.wav,C,89.247703,0.807671,90.055374,15.778708,0.818922,16.59763,12.234024,19.816822,32.050846,4.440892098500626e-16,True
BB-1687982835-3.wav,BB,87.937834,0.864353,88.80218699999999,14.50349,0.551551,15.055041,12.186562,20.097442,32.284004,0.0,True
BB-1688057993-2.wav,BB,87.104462,0.861543,87.966005,16.09788,0.808031,16.905911,12.225263,19.395226,31.620489,4.440892098500626e-16,True
WTD-1688396750-1.wav,WTD,86.719958,0.861613,87.58157100000001,14.349034,0.504329,14.853363,12.072258,20.231287,32.303545,0.0,True
GW-1687818386-4.wav,GW,87.007369,0.857252,87.864621,16.152593,0.80536,16.957953,12.290366,19.370775,31.661141,4.440892098500626e-16,True
GW-1687942037-1.wav,GW,86.199018,0.841542,87.04056,14.206039,0.504169,14.710208,12.087759,20.079571,32.16733,0.0,True
BB-1688120216-2.wav,BB,88.323898,0.857543,89.181441,16.936162,0.811381,17.747543,12.264575,19.346363,31.610938,0.0,True
WTD-1688396104-2.wav,WTD,87.699306,0.850892,88.55019800000001,15.472857,0.509439,15.982296,12.191043,19.741328,31.932371,0.0,True
C-1688166918-2.wav,C,86.460159,0.847842,87.308001,15.00986,0.80955,15.81941,12.167901,19.551382,31.719283,4.440892098500626e-16,True
GW-1687898857-1.wav,GW,86.785752,0.879784,87.665536,14.613914,0.629214,15.243127999999999,12.199623,19.965107,32.16473,4.440892098500626e-16,True
BB-1687973124-1.wav,BB,86.838234,0.858072,87.69630599999999,15.902203,0.800141,16.702344,12.268286,19.370654,31.638939999999998,8.881784197001252e-16,True
WTD-1688543845-1.wav,WTD,86.861185,0.840452,87.701637,14.646176,0.514019,15.160195,12.181862,19.607474,31.789336,4.440892098500626e-16,True
GW-1687942429-1.wav,GW,86.156548,0.846592,87.00314,14.915976,0.80032,15.716296,12.239945,19.583603,31.823548000000002,0.0,True
GW-1687817227-1.wav,GW,86.544073,0.896614,87.440687,14.188619,0.626113,14.814732,12.265606,20.127973,32.393579,0.0,True
BB-1688042107-4.wav,BB,86.49178,0.78085,87.27263,15.372453,0.847783,16.220236,12.241084,19.921026,32.16211,4.440892098500626e-16,True
WTD-1688523766-1.wav,WTD,88.160424,0.875704,89.036128,16.827238,0.642564,17.469802,12.186352,19.914845,32.101197,8.881784197001252e-16,True
WTD-1688558071-1.wav,WTD,87.061593,0.864963,87.926556,15.751988,0.828541,16.580529000000002,12.360449,19.792741,32.153189999999995,4.440892098500626e-16,True
C-1688335046-1.wav,C,86.419108,0.785569,87.20467699999999,14.408636,0.499559,14.908195,12.081218,19.927096,32.008314,4.440892098500626e-16,True
GW-1687946622-2.wav,GW,86.927007,0.813111,87.74011800000001,15.29827,0.870153,16.168423,12.237144,19.846203,32.083347,4.440892098500626e-16,True
GW-1687840935-1.wav,GW,86.9968,0.889964,87.886764,15.637923,0.630204,16.268127,12.248775,20.03616,32.284935,8.881784197001252e-16,True
GW-1687818736-2.wav,GW,87.507,0.817051,88.32405100000001,15.955585,0.79194,16.747525,12.248055,19.554502,31.802557,0.0,True
WTD-1688403003-5.wav,WTD,88.864311,0.880283,89.744594,15.648294,0.644514,16.292808,12.261335,19.864694,32.126029,0.0,True
GW-1687852852-1.wav,GW,87.356204,0.80066,88.156864,16.059029,0.799471,16.8585,12.317047,19.627825,31.944872000000004,8.881784197001252e-16,True
C-1688245729-1.wav,C,89.070789,0.877743,89.948532,15.806849,0.649785,16.456634,12.421582,19.916205,32.337787000000006,4.440892098500626e-16,True
GW-1687942459-1.wav,GW,86.447299,0.870203,87.317502,14.281461,0.799951,15.081412,12.310716,19.793821,32.104537,0.0,True
WTD-1688543968-1.wav,WTD,87.745679,0.863972,88.609651,15.918404,0.514259,16.432663,12.187822,19.818702,32.006524,8.881784197001252e-16,True
C-1688245682-1.wav,C,86.399037,0.856152,87.255189,14.926046,0.79331,15.719356,12.292307,19.612574,31.904880999999996,4.440892098500626e-16,True
GW-1687860738-2.wav,GW,86.735821,0.854792,87.590613,14.533301,0.50876,15.042061,12.12722,20.135634,32.262854,4.440892098500626e-16,True
C-1688242999-1.wav,C,88.017159,0.850002,88.86716100000001,16.810488,0.816381,17.626869,12.249635,19.324453,31.574087999999996,0.0,True
BB-1688045432-1.wav,BB,86.278703,0.873183,87.15188599999999,14.015952,0.631313,14.647265,12.11977,19.863223,31.982993,4.440892098500626e-16,True
GW-1687853683-1.wav,GW,87.334203,0.880884,88.215087,16.259037,0.7972,17.056237,12.248345,19.269411,31.517756000000002,8.881784197001252e-16,True
GW-1687850254-1.wav,GW,87.170336,0.860073,88.030409,15.082712,0.541461,15.624173,12.227134,19.979598,32.206732,0.0,True
WTD-1688424721-2.wav,WTD,89.542636,0.908534,90.45117,18.858905,0.924935,19.78384,12.37375,26.11119,38.48494,4.440892098500626e-16,True
C-1688283473-1.wav,C,88.83731,0.910304,89.747614,16.60514,0.52714,17.132279999999998,12.099089,20.105503,32.204592,0.0,True
WTD-1688550161-1.wav,WTD,84.849469,0.801771,85.65124,14.296532,0.795491,15.092023,12.277776,20.03207,32.309846,1.1102230246251565e-16,True
C-1688242075-1.wav,C,86.204709,0.917295,87.12200399999999,14.593174,0.51089,15.104064,12.123069,20.433246,32.556315,4.440892098500626e-16,True
GW-1687856868-2.wav,GW,86.415938,0.917505,87.333443,16.317739,0.865303,17.183042,12.339288,19.567563,31.906851,4.440892098500626e-16,True
GW-1687798034-3.wav,GW,85.169651,0.911884,86.081535,13.669279,0.508419,14.177698,12.091769,20.592121,32.68389,4.440892098500626e-16,True
GW-1687848548-1.wav,GW,86.368396,0.832042,87.200438,16.251477,0.836822,17.088299000000003,12.38322,19.672146,32.055366,0.0,True
BB-1688045963-2.wav,BB,84.717203,0.927145,85.644348,13.872637,0.51904,14.391677,12.119119,20.486737,32.605856,4.440892098500626e-16,True
WTD-1688538261-1.wav,WTD,86.767831,0.878253,87.646084,16.472075,0.804901,17.276976,12.367839,19.539652,31.907491,0.0,True
BB-1688030892-2.wav,BB,85.277355,0.896434,86.173789,14.333134,0.51623,14.849364,12.078198,20.29829,32.376488,4.440892098500626e-16,True
BB-1688120301-2.wav,BB,87.201828,0.863183,88.06501100000001,14.986518,0.847943,15.834461000000001,12.317678,20.004039,32.321717,0.0,True
BB-1688040013-1.wav,BB,86.800963,0.79052,87.591483,13.788133,0.52542,14.313553,12.40038,20.141214,32.541594,0.0,True
C-1688162149-2.wav,C,85.211842,0.853212,86.065054,15.04824,0.78939,15.83763,12.13452,19.871194,32.005714,4.440892098500626e-16,True
GW-1687858744-2.wav,GW,86.2116,0.839702,87.051302,15.213977,0.527489,15.741465999999999,12.499624,20.468936,32.96856,8.881784197001252e-16,True
GW-1687848538-1.wav,GW,87.962667,0.841042,88.803709,15.598671,0.78466,16.383331,12.671541,20.196766,32.868307,0.0,True
C-1688258662-1.wav,C,88.959124,0.844022,89.803146,17.771354,0.50638,18.277734,12.075348,19.687587,31.762935,8.881784197001252e-16,True
WTD-1688549970-1.wav,WTD,85.800275,0.862152,86.662427,15.02545,0.78892,15.814369999999998,12.308017,19.51799,31.826007,4.440892098500626e-16,True
GW-1687814334-2.wav,GW,86.450049,0.79542,87.24546900000001,15.417675,0.593523,16.011198,12.314398,20.654203,32.968601,8.881784197001252e-16,True
GW-1687823391-1.wav,GW,86.222211,0.854562,87.076773,15.786549,0.78948,16.576029000000002,12.619629,19.450978,32.070606999999995,8.881784197001252e-16,True
GW-1687946622-1.wav,GW,87.012041,0.847592,87.859633,15.29868,0.634535,15.933214999999999,12.13868,19.952727,32.091407000000004,0.0,True
C-1688163302-1.wav,C,86.335395,0.836882,87.17227700000001,15.53551,0.771909,16.307419,12.252585,19.379615,31.6322,4.440892098500626e-16,True
GW-1687859152-1.wav,GW,85.766063,0.832272,86.598335,13.667938,0.51349,14.181428,12.066078,20.080511,32.146589,4.440892098500626e-16,True
GW-1687853100-1.wav,GW,85.873657,0.835792,86.70944899999999,15.54268,0.848362,16.391042000000002,12.220914,19.819182,32.040096000000005,4.440892098500626e-16,True
WTD-1688475270-1.wav,WTD,84.843799,0.774519,85.618318,13.482242,0.511679,13.993921,12.042957,19.960737,32.003694,4.440892098500626e-16,True
GW-1687856109-4.wav,GW,85.037405,0.840352,85.877757,14.890965,0.854623,15.745588,12.173801,19.433298,31.607098999999998,2.220446049250313e-16,True
BB-1687988772-1.wav,BB,85.190702,0.834271,86.024973,13.69792,0.497969,14.195889,12.1366,20.205117,32.341717,0.0,True
GW-1687942295-1.wav,GW,86.344165,0.829422,87.173587,15.904663,0.79442,16.699082999999998,12.221473,19.389496,31.610969,4.440892098500626e-16,True
BB-1688049553-4.wav,BB,85.622928,0.857772,86.4807,14.857974,0.496159,15.354133000000001,12.083658,19.840943,31.924601,8.881784197001252e-16,True
GW-1687903734-1.wav,GW,86.119897,0.855613,86.97551,16.261596,0.78299,17.044586000000002,12.320998,19.490169,31.811167,8.881784197001252e-16,True
GW-1687840935-2.wav,GW,86.696309,0.844402,87.540711,15.852331,0.51645,16.368781,12.11216,19.580793,31.692953,0.0,True
C-1688240202-1.wav,C,86.268372,0.851302,87.119674,15.325512,0.79527,16.120782,12.232194,19.482949,31.715143,4.440892098500626e-16,True
GW-1687853548-1.wav,GW,85.41398,0.841682,86.255662,13.844536,0.500319,14.344854999999999,12.061648,20.04755,32.109198,2.220446049250313e-16,True
BB-1687971512-2.wav,BB,85.816946,0.766249,86.583195,15.168375,0.852942,16.021317,12.234624,19.648305,31.882929,4.440892098500626e-16,True
BB-1688038864-1.wav,BB,86.905936,0.858933,87.76486899999999,15.704176,0.618153,16.322329,12.497094,20.080502,32.577596,8.881784197001252e-16,True
WTD-1688470066-2.wav,WTD,87.576822,0.801751,88.378573,15.490137,0.821911,16.312048,12.531245,20.484297,33.015542,4.440892098500626e-16,True
GW-1687815858-1.wav,GW,86.098206,0.843182,86.941388,14.387036,0.509849,14.896885000000001,12.141931,19.999518,32.141448999999994,0.0,True
GW-1687856337-1.wav,GW,87.993538,0.785049,88.778587,14.923766,0.78264,15.706406000000001,12.221073,19.732308,31.953381,0.0,True
GW-1687855699-2.wav,GW,86.368317,0.846362,87.214679,15.499898,0.504399,16.004297,12.083398,19.840163,31.923561,0.0,True
GW-1687860457-2.wav,GW,85.631878,0.849263,86.481141,14.491449,0.7883,15.279748999999999,12.261285,19.542681,31.803966000000003,2.220446049250313e-16,True
BB-1688038839-1.wav,BB,86.175779,0.844312,87.02009100000001,14.582493,0.519219,15.101712,12.050577,19.919315,31.969892,4.440892098500626e-16,True
BB-1687973180-4.wav,BB,85.581356,0.852843,86.434199,15.5582,0.843122,16.401322,12.228814,19.667776,31.89659,8.881784197001252e-16,True
WTD-1688397663-1.wav,WTD,84.528766,0.840832,85.36959800000001,13.496652,0.503779,14.000430999999999,12.054448,20.234907,32.289355,8.881784197001252e-16,True
BB-1688038189-1.wav,BB,85.003154,0.835202,85.83835599999999,14.376135,0.77661,15.152745,12.276046,19.683707,31.959753,2.220446049250313e-16,True
BB-1688049726-5.wav,BB,85.670789,0.840223,86.511012,14.512461,0.495899,15.00836,12.072108,20.157424,32.229532,8.881784197001252e-16,True
WTD-1688551284-1.wav,WTD,84.754585,0.900094,85.654679,14.865984,0.779809,15.645793,12.208673,19.869543,32.078216,4.440892098500626e-16,True
WTD-1688489360-1.wav,WTD,86.47245,0.839952,87.31240199999999,15.613392,0.502869,16.116260999999998,12.153141,19.724378,31.877519,0.0,True
GW-1687857440-1.wav,GW,86.491621,0.777439,87.26906,15.53818,0.851032,16.389212,12.216104,19.582893,31.798997,4.440892098500626e-16,True
GW-1687822519-3.wav,GW,84.483305,0.838732,85.322037,13.675399,0.501319,14.176718000000001,12.056617,19.938176,31.994792999999998,2.220446049250313e-16,True
BB-1688038864-2.wav,BB,84.854249,0.844152,85.69840099999999,14.117175,0.77949,14.896664999999999,12.14161,19.796361,31.937971,0.0,True
BB-1688037848-2.wav,BB,84.62302,0.840511,85.463531,13.524523,0.506539,14.031062,12.112819,20.100823,32.213642,4.440892098500626e-16,True
BB-1687972445-1.wav,BB,86.227001,0.839552,87.066553,15.621033,0.783839,16.404872,12.194432,19.350534,31.544966000000002,8.881784197001252e-16,True
BB-1688044285-1.wav,BB,85.568386,0.832251,86.400637,13.99089,0.50764,14.49853,12.071078,20.012339,32.083417,0.0,True
GW-1687854538-1.wav,GW,84.835698,0.834241,85.669939,14.724978,0.839412,15.56439,12.184053,19.869974,32.054027,2.220446049250313e-16,True
GW-1687822721-1.wav,GW,85.992812,0.857723,86.85053500000001,15.180596,0.514959,15.695554999999999,12.068248,20.117033,32.185281,8.881784197001252e-16,True
BB-1688050052-2.wav,BB,88.033969,0.851212,88.885181,17.39514,0.868723,18.263863,12.216464,19.900044,32.116508,4.440892098500626e-16,True
GW-1687946741-3.wav,GW,85.162861,0.78853,85.951391,14.214229,0.495249,14.709477999999999,12.062898,20.212966,32.275864,4.440892098500626e-16,True
GW-1687961410-1.wav,GW,87.210058,0.841542,88.05160000000001,16.666382,0.805061,17.471442999999997,12.212353,19.77064,31.982993,8.881784197001252e-16,True
BB-1688049618-1.wav,BB,86.104796,0.866343,86.971139,15.280759,0.51471,15.795469,12.151371,19.819532,31.970903,8.881784197001252e-16,True
C-1688341679-1.wav,C,85.497583,0.868323,86.36590600000001,14.870965,0.763699,15.634664,12.193872,19.524951,31.718823,4.440892098500626e-16,True
C-1688241382-1.wav,C,86.889866,0.769889,87.659755,15.01636,0.506409,15.522769,12.433191,20.270999,32.70419,4.440892098500626e-16,True
BB-1688050126-2.wav,BB,85.391909,0.846172,86.238081,15.750487,0.77693,16.527417,12.184802,19.821922,32.006724,8.881784197001252e-16,True
GW-1687850016-2.wav,GW,85.013525,0.837612,85.851137,13.871766,0.513549,14.385314999999999,12.422512,20.174985,32.597497,4.440892098500626e-16,True
C-1688317748-3.wav,C,88.394763,0.781709,89.176472,18.687989,0.787969,19.475958000000002,12.265196,19.293731,31.558927,8.881784197001252e-16,True
BB-1688038785-2.wav,BB,85.916059,0.864183,86.780242,15.419825,0.50989,15.929715,12.104609,20.002829,32.107438,4.440892098500626e-16,True
GW-1687940267-2.wav,GW,86.315424,0.844062,87.15948599999999,16.267637,0.77646,17.044097,12.242104,19.349934,31.592038000000002,4.440892098500626e-16,True
BB-1687972478-1.wav,BB,85.520544,0.834422,86.354966,14.643376,0.496048,15.139424,12.10259,19.906735,32.009325000000004,4.440892098500626e-16,True
BB-1688057285-1.wav,BB,85.606687,0.832932,86.439619,16.244626,0.7927,17.037326,12.209133,19.384355,31.593488,0.0,True
