test_row,category,target,exp001_pred,exp002_pred,exp001_correct,exp002_correct
0,GW,2,2,2,1,1
1,WTD,3,3,3,1,1
2,C,1,1,1,1,1
3,BB,0,0,0,1,1
4,GW,2,2,2,1,1
5,WTD,3,3,3,1,1
6,BB,0,0,0,1,1
7,C,1,1,1,1,1
8,C,1,1,1,1,1
9,C,1,1,1,1,1
10,WTD,3,3,3,1,1
11,GW,2,2,2,1,1
12,BB,0,0,0,1,1
13,GW,2,2,2,1,1
14,WTD,3,3,3,1,1
15,C,1,1,1,1,1
16,C,1,1,1,1,1
17,GW,2,2,2,1,1
18,BB,0,0,0,1,1
19,GW,2,2,2,1,1
20,GW,2,0,0,0,0
21,WTD,3,3,3,1,1
22,WTD,3,3,2,1,0
23,WTD,3,1,1,0,0
24,GW,2,2,2,1,1
25,BB,0,0,0,1,1
26,BB,0,0,0,1,1
27,C,1,1,1,1,1
28,GW,2,0,0,0,0
29,WTD,3,3,3,1,1
30,BB,0,2,0,0,1
31,GW,2,2,2,1,1
32,WTD,3,0,3,0,1
33,GW,2,2,2,1,1
34,C,1,1,1,1,1
35,BB,0,0,0,1,1
36,C,1,1,1,1,1
37,BB,0,0,0,1,1
38,GW,2,2,2,1,1
39,C,1,1,1,1,1
40,GW,2,2,2,1,1
41,C,1,1,1,1,1
42,GW,2,2,2,1,1
43,BB,0,0,0,1,1
44,C,1,1,1,1,1
45,GW,2,2,2,1,1
46,WTD,3,2,2,0,0
47,BB,0,0,0,1,1
48,BB,0,0,0,1,1
49,GW,2,3,2,0,1
50,GW,2,2,2,1,1
51,BB,0,2,2,0,0
52,WTD,3,0,0,0,0
53,C,1,1,1,1,1
54,WTD,3,0,0,0,0
55,C,1,1,1,1,1
56,GW,2,2,2,1,1
57,GW,2,2,2,1,1
58,WTD,3,0,0,0,0
59,WTD,3,3,3,1,1
60,BB,0,0,0,1,1
61,GW,2,2,2,1,1
62,GW,2,2,2,1,1
63,BB,0,0,0,1,1
64,GW,2,2,2,1,1
65,GW,2,2,2,1,1
66,GW,2,2,2,1,1
67,BB,0,3,3,0,0
68,WTD,3,0,0,0,0
69,GW,2,2,2,1,1
70,BB,0,2,3,0,0
71,BB,0,0,0,1,1
72,WTD,3,3,3,1,1
73,BB,0,0,0,1,1
74,GW,2,2,2,1,1
75,WTD,3,2,3,0,1
76,WTD,3,3,1,1,0
77,BB,0,0,0,1,1
78,GW,2,2,2,1,1
79,GW,2,2,2,1,1
80,GW,2,2,2,1,1
81,BB,0,0,0,1,1
82,BB,0,0,3,1,0
83,WTD,3,3,3,1,1
84,BB,0,2,2,0,0
85,GW,2,2,2,1,1
86,C,1,1,1,1,1
87,BB,0,0,0,1,1
88,BB,0,0,0,1,1
89,GW,2,2,2,1,1
90,GW,2,2,2,1,1
91,GW,2,2,2,1,1
92,C,1,1,1,1,1
93,BB,0,0,0,1,1
94,BB,0,0,0,1,1
95,BB,0,0,0,1,1
96,BB,0,0,0,1,1
97,WTD,3,0,0,0,0
98,GW,2,2,2,1,1
99,GW,2,2,2,1,1
100,C,1,1,1,1,1
101,GW,2,2,2,1,1
102,BB,0,0,0,1,1
103,C,1,1,1,1,1
104,GW,2,2,2,1,1
105,GW,2,2,2,1,1
106,GW,2,2,2,1,1
107,C,1,1,1,1,1
108,GW,2,2,2,1,1
109,BB,0,0,0,1,1
110,C,1,1,1,1,1
111,BB,0,0,0,1,1
112,BB,0,0,0,1,1
113,GW,2,1,1,0,0
114,C,1,1,1,1,1
115,GW,2,2,2,1,1
116,GW,2,2,2,1,1
117,C,1,1,1,1,1
118,C,1,1,1,1,1
119,GW,2,2,0,1,0
120,BB,0,0,0,1,1
121,C,1,1,1,1,1
122,BB,0,0,0,1,1
123,GW,2,2,2,1,1
124,GW,2,2,2,1,1
125,WTD,3,3,3,1,1
126,WTD,3,3,3,1,1
127,C,1,2,1,0,1
128,GW,2,2,2,1,1
129,BB,0,0,0,1,1
130,BB,0,0,0,1,1
131,GW,2,2,2,1,1
132,GW,2,2,2,1,1
133,BB,0,2,2,0,0
134,GW,2,2,2,1,1
135,WTD,3,0,0,0,0
136,C,1,1,1,1,1
137,C,1,3,1,0,1
138,GW,2,2,2,1,1
139,GW,2,2,2,1,1
140,C,1,1,1,1,1
141,WTD,3,3,3,1,1
142,GW,2,2,2,1,1
143,BB,0,0,0,1,1
144,GW,2,2,2,1,1
145,GW,2,2,2,1,1
146,GW,2,2,2,1,1
147,GW,2,2,2,1,1
148,C,1,0,3,0,0
149,GW,2,2,2,1,1
150,C,1,1,1,1,1
151,GW,2,2,2,1,1
152,GW,2,2,2,1,1
153,WTD,3,3,3,1,1
154,GW,2,2,2,1,1
155,BB,0,0,0,1,1
156,C,1,2,2,0,0
157,GW,2,2,2,1,1
158,BB,0,0,0,1,1
159,GW,2,2,2,1,1
160,GW,2,2,3,1,0
161,BB,0,0,0,1,1
162,C,1,1,1,1,1
163,GW,2,2,2,1,1
164,BB,0,0,0,1,1
165,GW,2,2,2,1,1
166,GW,2,2,2,1,1
167,GW,2,2,2,1,1
168,GW,2,2,2,1,1
169,BB,0,0,1,1,0
170,GW,2,1,1,0,0
171,WTD,3,3,3,1,1
172,GW,2,2,2,1,1
173,BB,0,0,2,1,0
174,GW,2,2,2,1,1
175,GW,2,2,0,1,0
176,BB,0,0,0,1,1
177,BB,0,3,0,0,1
178,BB,0,0,0,1,1
179,C,1,1,1,1,1
180,BB,0,0,0,1,1
181,C,1,3,3,0,0
182,GW,2,2,2,1,1
183,GW,2,2,2,1,1
184,GW,2,2,2,1,1
185,BB,0,0,0,1,1
186,WTD,3,2,2,0,0
187,BB,0,2,0,0,1
188,C,1,1,1,1,1
189,GW,2,2,2,1,1
190,C,1,1,1,1,1
191,BB,0,0,0,1,1
192,WTD,3,0,3,0,1
193,WTD,3,1,3,0,1
194,C,1,1,1,1,1
195,WTD,3,3,3,1,1
196,BB,0,0,0,1,1
197,GW,2,2,2,1,1
198,C,1,1,1,1,1
199,GW,2,2,2,1,1
200,BB,0,0,0,1,1
201,WTD,3,3,3,1,1
202,GW,2,2,2,1,1
203,WTD,3,3,3,1,1
204,WTD,3,3,3,1,1
205,GW,2,2,2,1,1
206,C,1,1,1,1,1
207,C,1,1,1,1,1
208,GW,2,0,0,0,0
209,GW,2,2,2,1,1
210,GW,2,2,2,1,1
211,C,1,1,1,1,1
212,WTD,3,3,3,1,1
213,GW,2,2,2,1,1
214,C,1,1,1,1,1
215,BB,0,0,0,1,1
216,GW,2,2,2,1,1
217,BB,0,0,3,1,0
218,BB,0,2,0,0,1
219,C,1,1,1,1,1
220,WTD,3,3,3,1,1
221,C,1,1,1,1,1
222,GW,2,2,2,1,1
223,BB,0,2,2,0,0
224,GW,2,2,2,1,1
225,BB,0,0,0,1,1
226,BB,0,0,0,1,1
227,BB,0,0,0,1,1
228,C,1,2,2,0,0
229,GW,2,2,2,1,1
230,WTD,3,3,3,1,1
231,GW,2,2,2,1,1
232,WTD,3,0,3,0,1
233,GW,2,2,2,1,1
234,GW,2,2,2,1,1
235,BB,0,0,0,1,1
236,WTD,3,2,2,0,0
237,GW,2,2,2,1,1
238,GW,2,2,2,1,1
239,BB,0,0,0,1,1
240,BB,0,0,0,1,1
241,BB,0,0,0,1,1
242,GW,2,2,2,1,1
243,BB,0,0,0,1,1
244,C,1,1,1,1,1
245,GW,2,2,2,1,1
246,C,1,1,1,1,1
247,BB,0,0,0,1,1
248,WTD,3,3,3,1,1
249,BB,0,0,0,1,1
250,BB,0,0,0,1,1
251,GW,2,2,2,1,1
252,WTD,3,3,3,1,1
253,BB,0,0,0,1,1
254,BB,0,0,0,1,1
255,BB,0,3,3,0,0
256,WTD,3,3,3,1,1
257,BB,0,0,0,1,1
258,BB,0,0,0,1,1
259,GW,2,2,2,1,1
260,BB,0,0,0,1,1
261,BB,0,0,0,1,1
262,BB,0,2,0,0,1
263,GW,2,2,2,1,1
264,GW,2,2,2,1,1
265,WTD,3,3,1,1,0
266,GW,2,2,2,1,1
267,C,1,1,1,1,1
268,GW,2,2,2,1,1
269,BB,0,0,0,1,1
270,BB,0,0,0,1,1
271,GW,2,2,2,1,1
272,WTD,3,1,1,0,0
273,GW,2,2,2,1,1
274,C,1,1,1,1,1
275,BB,0,0,0,1,1
276,BB,0,0,0,1,1
277,GW,2,2,2,1,1
278,GW,2,2,2,1,1
279,C,1,1,1,1,1
280,WTD,3,3,3,1,1
281,BB,0,0,0,1,1
282,WTD,3,3,3,1,1
283,C,1,1,1,1,1
284,BB,0,0,0,1,1
285,GW,2,2,2,1,1
286,BB,0,0,0,1,1
287,GW,2,2,2,1,1
288,BB,0,0,0,1,1
289,GW,2,2,2,1,1
290,GW,2,2,2,1,1
291,GW,2,2,2,1,1
292,WTD,3,3,3,1,1
293,BB,0,0,0,1,1
294,GW,2,1,2,0,1
295,GW,2,1,2,0,1
296,GW,2,2,2,1,1
297,GW,2,2,2,1,1
298,C,1,1,1,1,1
299,WTD,3,3,3,1,1
300,C,1,1,1,1,1
301,C,1,1,1,1,1
302,WTD,3,3,3,1,1
303,BB,0,3,0,0,1
304,BB,0,0,0,1,1
305,GW,2,2,2,1,1
306,GW,2,2,2,1,1
307,GW,2,2,2,1,1
308,GW,2,2,2,1,1
309,GW,2,2,2,1,1
310,C,1,1,1,1,1
311,BB,0,0,0,1,1
312,C,1,0,3,0,0
313,GW,2,2,2,1,1
314,C,1,1,1,1,1
315,C,1,1,1,1,1
316,GW,2,2,2,1,1
317,GW,2,2,2,1,1
318,BB,0,0,0,1,1
319,BB,0,2,2,0,0
320,C,1,1,1,1,1
321,BB,0,0,0,1,1
322,GW,2,2,2,1,1
323,C,1,1,1,1,1
324,C,1,2,2,0,0
325,BB,0,3,1,0,0
326,BB,0,0,0,1,1
327,BB,0,0,0,1,1
328,GW,2,2,2,1,1
329,GW,2,2,2,1,1
330,C,1,1,1,1,1
331,GW,2,2,2,1,1
332,C,1,1,1,1,1
333,GW,2,2,2,1,1
334,GW,2,0,2,0,1
335,WTD,3,3,3,1,1
336,GW,2,2,2,1,1
337,BB,0,0,0,1,1
